[{"fields": {"model": "logentry", "name": "log entry", "app_label": "admin"}, "model": "contenttypes.contenttype", "pk": 1}, {"fields": {"model": "permission", "name": "permission", "app_label": "auth"}, "model": "contenttypes.contenttype", "pk": 2}, {"fields": {"model": "group", "name": "group", "app_label": "auth"}, "model": "contenttypes.contenttype", "pk": 3}, {"fields": {"model": "user", "name": "user", "app_label": "auth"}, "model": "contenttypes.contenttype", "pk": 4}, {"fields": {"model": "contenttype", "name": "content type", "app_label": "contenttypes"}, "model": "contenttypes.contenttype", "pk": 5}, {"fields": {"model": "session", "name": "session", "app_label": "sessions"}, "model": "contenttypes.contenttype", "pk": 6}, {"fields": {"model": "userobjectpermission", "name": "user object permission", "app_label": "guardian"}, "model": "contenttypes.contenttype", "pk": 7}, {"fields": {"model": "groupobjectpermission", "name": "group object permission", "app_label": "guardian"}, "model": "contenttypes.contenttype", "pk": 8}, {"fields": {"model": "proyecto", "name": "proyecto", "app_label": "administracion"}, "model": "contenttypes.contenttype", "pk": 9}, {"fields": {"model": "miembroequipo", "name": "miembro equipo", "app_label": "administracion"}, "model": "contenttypes.contenttype", "pk": 10}, {"fields": {"model": "sprint", "name": "sprint", "app_label": "administracion"}, "model": "contenttypes.contenttype", "pk": 11}, {"fields": {"model": "miembroequiposprint", "name": "miembro equipo sprint", "app_label": "administracion"}, "model": "contenttypes.contenttype", "pk": 12}, {"fields": {"model": "flujo", "name": "flujo", "app_label": "administracion"}, "model": "contenttypes.contenttype", "pk": 13}, {"fields": {"model": "actividad", "name": "actividad", "app_label": "administracion"}, "model": "contenttypes.contenttype", "pk": 14}, {"fields": {"model": "userstory", "name": "user story", "app_label": "administracion"}, "model": "contenttypes.contenttype", "pk": 15}, {"fields": {"model": "adjunto", "name": "adjunto", "app_label": "administracion"}, "model": "contenttypes.contenttype", "pk": 16}, {"fields": {"model": "nota", "name": "nota", "app_label": "administracion"}, "model": "contenttypes.contenttype", "pk": 17}, {"fields": {"model": "revision", "name": "revision", "app_label": "reversion"}, "model": "contenttypes.contenttype", "pk": 18}, {"fields": {"model": "version", "name": "version", "app_label": "reversion"}, "model": "contenttypes.contenttype", "pk": 19}, {"fields": {"expire_date": "2016-06-29T18:25:08.934Z", "session_data": "NDIzYmE1MTIzYjE4OTQ1OWJlYTkzNThjZDUyNDJjZDJkN2E0NThjMzp7Il9hdXRoX3VzZXJfaGFzaCI6ImRhY2QxMDA0M2Y2YmQwMzE5N2FiNDRmZTM2OTljNjIyMWMzODc5NDAiLCJfYXV0aF91c2VyX2JhY2tlbmQiOiJkamFuZ28uY29udHJpYi5hdXRoLmJhY2tlbmRzLk1vZGVsQmFja2VuZCIsIl9hdXRoX3VzZXJfaWQiOjF9"}, "model": "sessions.session", "pk": "aros8f05t5z01jhqaamep69o86saivnd"}, {"fields": {"nombre": "flujo1", "proyecto": 1}, "model": "administracion.flujo", "pk": 1}, {"fields": {"nombre": "actividad1", "_order": 0, "flujo": 1}, "model": "administracion.actividad", "pk": 1}, {"fields": {"nombre": "actividad2", "_order": 1, "flujo": 1}, "model": "administracion.actividad", "pk": 2}, {"fields": {"nombre": "actividad3", "_order": 2, "flujo": 1}, "model": "administracion.actividad", "pk": 3}, {"fields": {"format": "json", "object_repr": "userstory1", "object_id": "1", "content_type": 15, "object_id_int": 1, "serialized_data": "[{\"fields\": {\"tiempo_estimado\": 5, \"nombre_corto\": \"us1\", \"descripcion\": \"user story numero 1\", \"nombre_largo\": \"userstory1\", \"valor_negocio\": 5, \"valor_tecnico\": 8}, \"model\": \"administracion.userstory\", \"pk\": 1}]", "revision": 1}, "model": "reversion.version", "pk": 1}, {"fields": {"format": "json", "object_repr": "userstory2", "object_id": "2", "content_type": 15, "object_id_int": 2, "serialized_data": "[{\"fields\": {\"tiempo_estimado\": 10, \"nombre_corto\": \"us2\", \"descripcion\": \"user story numero 3\", \"nombre_largo\": \"userstory2\", \"valor_negocio\": 10, \"valor_tecnico\": 8}, \"model\": \"administracion.userstory\", \"pk\": 2}]", "revision": 2}, "model": "reversion.version", "pk": 2}, {"fields": {"format": "json", "object_repr": "userstory2", "object_id": "2", "content_type": 15, "object_id_int": 2, "serialized_data": "[{\"fields\": {\"tiempo_estimado\": 10, \"nombre_corto\": \"us2\", \"descripcion\": \"user story numero 2\", \"nombre_largo\": \"userstory2\", \"valor_negocio\": 10, \"valor_tecnico\": 8}, \"model\": \"administracion.userstory\", \"pk\": 2}]", "revision": 3}, "model": "reversion.version", "pk": 3}, {"fields": {"codename": "add_logentry", "name": "Can add log entry", "content_type": 1}, "model": "auth.permission", "pk": 1}, {"fields": {"codename": "change_logentry", "name": "Can change log entry", "content_type": 1}, "model": "auth.permission", "pk": 2}, {"fields": {"codename": "delete_logentry", "name": "Can delete log entry", "content_type": 1}, "model": "auth.permission", "pk": 3}, {"fields": {"codename": "add_permission", "name": "Can add permission", "content_type": 2}, "model": "auth.permission", "pk": 4}, {"fields": {"codename": "change_permission", "name": "Can change permission", "content_type": 2}, "model": "auth.permission", "pk": 5}, {"fields": {"codename": "delete_permission", "name": "Can delete permission", "content_type": 2}, "model": "auth.permission", "pk": 6}, {"fields": {"codename": "add_group", "name": "Can add group", "content_type": 3}, "model": "auth.permission", "pk": 7}, {"fields": {"codename": "change_group", "name": "Can change group", "content_type": 3}, "model": "auth.permission", "pk": 8}, {"fields": {"codename": "delete_group", "name": "Can delete group", "content_type": 3}, "model": "auth.permission", "pk": 9}, {"fields": {"codename": "add_user", "name": "Can add user", "content_type": 4}, "model": "auth.permission", "pk": 10}, {"fields": {"codename": "change_user", "name": "Can change user", "content_type": 4}, "model": "auth.permission", "pk": 11}, {"fields": {"codename": "delete_user", "name": "Can delete user", "content_type": 4}, "model": "auth.permission", "pk": 12}, {"fields": {"codename": "add_contenttype", "name": "Can add content type", "content_type": 5}, "model": "auth.permission", "pk": 13}, {"fields": {"codename": "change_contenttype", "name": "Can change content type", "content_type": 5}, "model": "auth.permission", "pk": 14}, {"fields": {"codename": "delete_contenttype", "name": "Can delete content type", "content_type": 5}, "model": "auth.permission", "pk": 15}, {"fields": {"codename": "add_session", "name": "Can add session", "content_type": 6}, "model": "auth.permission", "pk": 16}, {"fields": {"codename": "change_session", "name": "Can change session", "content_type": 6}, "model": "auth.permission", "pk": 17}, {"fields": {"codename": "delete_session", "name": "Can delete session", "content_type": 6}, "model": "auth.permission", "pk": 18}, {"fields": {"codename": "add_userobjectpermission", "name": "Can add user object permission", "content_type": 7}, "model": "auth.permission", "pk": 19}, {"fields": {"codename": "change_userobjectpermission", "name": "Can change user object permission", "content_type": 7}, "model": "auth.permission", "pk": 20}, {"fields": {"codename": "delete_userobjectpermission", "name": "Can delete user object permission", "content_type": 7}, "model": "auth.permission", "pk": 21}, {"fields": {"codename": "add_groupobjectpermission", "name": "Can add group object permission", "content_type": 8}, "model": "auth.permission", "pk": 22}, {"fields": {"codename": "change_groupobjectpermission", "name": "Can change group object permission", "content_type": 8}, "model": "auth.permission", "pk": 23}, {"fields": {"codename": "delete_groupobjectpermission", "name": "Can delete group object permission", "content_type": 8}, "model": "auth.permission", "pk": 24}, {"fields": {"codename": "add_proyecto", "name": "Can add proyecto", "content_type": 9}, "model": "auth.permission", "pk": 25}, {"fields": {"codename": "change_proyecto", "name": "Can change proyecto", "content_type": 9}, "model": "auth.permission", "pk": 26}, {"fields": {"codename": "delete_proyecto", "name": "Can delete proyecto", "content_type": 9}, "model": "auth.permission", "pk": 27}, {"fields": {"codename": "listar_proyectos", "name": "Listar Proyectos", "content_type": 9}, "model": "auth.permission", "pk": 28}, {"fields": {"codename": "ver_proyecto", "name": "Ver detalles del proyecto", "content_type": 9}, "model": "auth.permission", "pk": 29}, {"fields": {"codename": "asignar_equipo", "name": "Asignar los miembros del equipo", "content_type": 9}, "model": "auth.permission", "pk": 30}, {"fields": {"codename": "aprobar_proyecto", "name": "Aprobar el proyecto", "content_type": 9}, "model": "auth.permission", "pk": 31}, {"fields": {"codename": "crear_sprint", "name": "Agregar Sprint", "content_type": 9}, "model": "auth.permission", "pk": 32}, {"fields": {"codename": "editar_sprint", "name": "Editar Sprint", "content_type": 9}, "model": "auth.permission", "pk": 33}, {"fields": {"codename": "eliminar_sprint", "name": "Eliminar Sprint", "content_type": 9}, "model": "auth.permission", "pk": 34}, {"fields": {"codename": "ver_sprint", "name": "Ver Sprint", "content_type": 9}, "model": "auth.permission", "pk": 35}, {"fields": {"codename": "crear_flujo", "name": "Agregar Flujo", "content_type": 9}, "model": "auth.permission", "pk": 36}, {"fields": {"codename": "editar_flujo", "name": "Editar Flujo", "content_type": 9}, "model": "auth.permission", "pk": 37}, {"fields": {"codename": "eliminar_flujo", "name": "Eliminar Flujo", "content_type": 9}, "model": "auth.permission", "pk": 38}, {"fields": {"codename": "ver_flujo", "name": "Ver Flujo", "content_type": 9}, "model": "auth.permission", "pk": 39}, {"fields": {"codename": "crear_userstory", "name": "Agregar User Story", "content_type": 9}, "model": "auth.permission", "pk": 40}, {"fields": {"codename": "editar_userstory", "name": "Editar User Story", "content_type": 9}, "model": "auth.permission", "pk": 41}, {"fields": {"codename": "eliminar_userstory", "name": "Eliminar User Story", "content_type": 9}, "model": "auth.permission", "pk": 42}, {"fields": {"codename": "registraractividad_userstory", "name": "Registrar avances en User Story", "content_type": 9}, "model": "auth.permission", "pk": 43}, {"fields": {"codename": "aprobar_userstory", "name": "Aprobar User Story completado", "content_type": 9}, "model": "auth.permission", "pk": 44}, {"fields": {"codename": "cancelar_userstory", "name": "Cancelar User Story completado", "content_type": 9}, "model": "auth.permission", "pk": 45}, {"fields": {"codename": "priorizar_userstory", "name": "asignar prioridad a userstories", "content_type": 9}, "model": "auth.permission", "pk": 46}, {"fields": {"codename": "add_actividad", "name": "Can add actividad", "content_type": 14}, "model": "auth.permission", "pk": 47}, {"fields": {"codename": "change_actividad", "name": "Can change actividad", "content_type": 14}, "model": "auth.permission", "pk": 48}, {"fields": {"codename": "delete_actividad", "name": "Can delete actividad", "content_type": 14}, "model": "auth.permission", "pk": 49}, {"fields": {"codename": "editar_mi_userstory", "name": "Editar mis User Stories", "content_type": 15}, "model": "auth.permission", "pk": 50}, {"fields": {"codename": "registraractividad_mi_userstory", "name": "Registrar avances en mis User Stories", "content_type": 15}, "model": "auth.permission", "pk": 51}, {"fields": {"codename": "add_adjunto", "name": "Can add adjunto", "content_type": 16}, "model": "auth.permission", "pk": 52}, {"fields": {"codename": "change_adjunto", "name": "Can change adjunto", "content_type": 16}, "model": "auth.permission", "pk": 53}, {"fields": {"codename": "delete_adjunto", "name": "Can delete adjunto", "content_type": 16}, "model": "auth.permission", "pk": 54}, {"fields": {"codename": "add_nota", "name": "Can add nota", "content_type": 17}, "model": "auth.permission", "pk": 55}, {"fields": {"codename": "change_nota", "name": "Can change nota", "content_type": 17}, "model": "auth.permission", "pk": 56}, {"fields": {"codename": "delete_nota", "name": "Can delete nota", "content_type": 17}, "model": "auth.permission", "pk": 57}, {"fields": {"codename": "add_revision", "name": "Can add revision", "content_type": 18}, "model": "auth.permission", "pk": 58}, {"fields": {"codename": "change_revision", "name": "Can change revision", "content_type": 18}, "model": "auth.permission", "pk": 59}, {"fields": {"codename": "delete_revision", "name": "Can delete revision", "content_type": 18}, "model": "auth.permission", "pk": 60}, {"fields": {"codename": "add_version", "name": "Can add version", "content_type": 19}, "model": "auth.permission", "pk": 61}, {"fields": {"codename": "change_version", "name": "Can change version", "content_type": 19}, "model": "auth.permission", "pk": 62}, {"fields": {"codename": "delete_version", "name": "Can delete version", "content_type": 19}, "model": "auth.permission", "pk": 63}, {"fields": {"name": "Scrum Master", "permissions": [31, 44, 45, 26, 36, 32, 40, 27, 37, 33, 41, 38, 34, 42, 28, 46, 43, 39, 29, 35, 50]}, "model": "auth.group", "pk": 1}, {"fields": {"name": "Desarrollador", "permissions": [26, 37, 33, 41, 28, 46, 43, 39, 29, 35, 50, 51]}, "model": "auth.group", "pk": 2}, {"fields": {"username": "AnonymousUser", "first_name": "", "last_name": "", "is_active": true, "is_superuser": false, "is_staff": false, "last_login": "2016-06-15T17:39:40.085Z", "groups": [], "user_permissions": [], "password": "", "email": "", "date_joined": "2016-06-15T17:39:40.085Z"}, "model": "auth.user", "pk": -1}, {"fields": {"username": "admin", "first_name": "", "last_name": "", "is_active": true, "is_superuser": true, "is_staff": true, "last_login": "2016-06-15T18:25:08.922Z", "groups": [], "user_permissions": [], "password": "pbkdf2_sha256$12000$pKeyLefq3XQq$dEFAIy/lqubCSsuFZaGczMeKJS7jQv0D7zyKI3KEfgs=", "email": "ing.delgadomontiel@gmail.com", "date_joined": "2016-06-15T17:45:39.176Z"}, "model": "auth.user", "pk": 1}, {"fields": {"username": "capi", "first_name": "Christian", "last_name": "Delgado", "is_active": true, "is_superuser": false, "is_staff": false, "last_login": "2016-06-15T17:57:01.047Z", "groups": [], "user_permissions": [], "password": "pbkdf2_sha256$12000$SWuZDAVc2KSe$iq1uLoo9rg1L9Yq34H5v8VtlO424fXbYVR9D+1TyjGo=", "email": "christian_capi@hotmail.com", "date_joined": "2016-06-15T17:51:24.748Z"}, "model": "auth.user", "pk": 2}, {"fields": {"username": "cristhian", "first_name": "Cristhian", "last_name": "Benitez", "is_active": true, "is_superuser": false, "is_staff": false, "last_login": "2016-06-15T17:52:07.675Z", "groups": [], "user_permissions": [], "password": "pbkdf2_sha256$12000$ZB2HtCcqZSOd$tTp5QIjbsXNqYdAEXBHeU/tZN8XPRwCWQcJ+65NU8ao=", "email": "cristhian.benitez@gmail.com", "date_joined": "2016-06-15T17:52:07.675Z"}, "model": "auth.user", "pk": 3}, {"fields": {"username": "fernando", "first_name": "Fernando", "last_name": "Britez", "is_active": true, "is_superuser": false, "is_staff": false, "last_login": "2016-06-15T18:16:13.325Z", "groups": [], "user_permissions": [], "password": "pbkdf2_sha256$12000$cH6NtobQh3uA$bqTkE0uk/7GVLTjWB1n0MVguhRWl8pPhl7gWfY2CKJI=", "email": "ferbri10@gmail.com", "date_joined": "2016-06-15T17:52:39.020Z"}, "model": "auth.user", "pk": 4}, {"fields": {"username": "isidro", "first_name": "Isidro", "last_name": "Gaona", "is_active": true, "is_superuser": false, "is_staff": false, "last_login": "2016-06-15T17:54:48.574Z", "groups": [], "user_permissions": [], "password": "pbkdf2_sha256$12000$LKKNOO2c686P$aekBDY8PlrlgljxZMIHmRNXYt4uuFtVdrIxXNMtqpTA=", "email": "isigao1802@gmail.com", "date_joined": "2016-06-15T17:54:48.574Z"}, "model": "auth.user", "pk": 5}, {"fields": {"username": "marcelo", "first_name": "Marcelo", "last_name": "Delgado", "is_active": true, "is_superuser": false, "is_staff": false, "last_login": "2016-06-15T17:55:40.191Z", "groups": [], "user_permissions": [], "password": "pbkdf2_sha256$12000$Lkf0FuXdsqqt$32Ttim5KIsDSv+G02miQCNaqjayj4uNnxIYc29vmqHc=", "email": "ing.delgadomontiel@gmail.com", "date_joined": "2016-06-15T17:55:40.191Z"}, "model": "auth.user", "pk": 6}, {"fields": {"object_pk": "1", "user": 2, "content_type": 9, "permission": 29}, "model": "guardian.userobjectpermission", "pk": 1}, {"fields": {"object_pk": "1", "user": 2, "content_type": 9, "permission": 31}, "model": "guardian.userobjectpermission", "pk": 2}, {"fields": {"object_pk": "1", "user": 2, "content_type": 9, "permission": 44}, "model": "guardian.userobjectpermission", "pk": 3}, {"fields": {"object_pk": "1", "user": 2, "content_type": 9, "permission": 45}, "model": "guardian.userobjectpermission", "pk": 4}, {"fields": {"object_pk": "1", "user": 2, "content_type": 9, "permission": 26}, "model": "guardian.userobjectpermission", "pk": 5}, {"fields": {"object_pk": "1", "user": 2, "content_type": 9, "permission": 36}, "model": "guardian.userobjectpermission", "pk": 6}, {"fields": {"object_pk": "1", "user": 2, "content_type": 9, "permission": 32}, "model": "guardian.userobjectpermission", "pk": 7}, {"fields": {"object_pk": "1", "user": 2, "content_type": 9, "permission": 40}, "model": "guardian.userobjectpermission", "pk": 8}, {"fields": {"object_pk": "1", "user": 2, "content_type": 9, "permission": 27}, "model": "guardian.userobjectpermission", "pk": 9}, {"fields": {"object_pk": "1", "user": 2, "content_type": 9, "permission": 37}, "model": "guardian.userobjectpermission", "pk": 10}, {"fields": {"object_pk": "1", "user": 2, "content_type": 9, "permission": 33}, "model": "guardian.userobjectpermission", "pk": 11}, {"fields": {"object_pk": "1", "user": 2, "content_type": 9, "permission": 41}, "model": "guardian.userobjectpermission", "pk": 12}, {"fields": {"object_pk": "1", "user": 2, "content_type": 9, "permission": 38}, "model": "guardian.userobjectpermission", "pk": 13}, {"fields": {"object_pk": "1", "user": 2, "content_type": 9, "permission": 34}, "model": "guardian.userobjectpermission", "pk": 14}, {"fields": {"object_pk": "1", "user": 2, "content_type": 9, "permission": 42}, "model": "guardian.userobjectpermission", "pk": 15}, {"fields": {"object_pk": "1", "user": 2, "content_type": 9, "permission": 28}, "model": "guardian.userobjectpermission", "pk": 16}, {"fields": {"object_pk": "1", "user": 2, "content_type": 9, "permission": 46}, "model": "guardian.userobjectpermission", "pk": 17}, {"fields": {"object_pk": "1", "user": 2, "content_type": 9, "permission": 43}, "model": "guardian.userobjectpermission", "pk": 18}, {"fields": {"object_pk": "1", "user": 2, "content_type": 9, "permission": 39}, "model": "guardian.userobjectpermission", "pk": 19}, {"fields": {"object_pk": "1", "user": 2, "content_type": 9, "permission": 35}, "model": "guardian.userobjectpermission", "pk": 20}, {"fields": {"object_pk": "1", "user": 3, "content_type": 9, "permission": 29}, "model": "guardian.userobjectpermission", "pk": 21}, {"fields": {"object_pk": "1", "user": 3, "content_type": 9, "permission": 26}, "model": "guardian.userobjectpermission", "pk": 22}, {"fields": {"object_pk": "1", "user": 3, "content_type": 9, "permission": 37}, "model": "guardian.userobjectpermission", "pk": 23}, {"fields": {"object_pk": "1", "user": 3, "content_type": 9, "permission": 33}, "model": "guardian.userobjectpermission", "pk": 24}, {"fields": {"object_pk": "1", "user": 3, "content_type": 9, "permission": 41}, "model": "guardian.userobjectpermission", "pk": 25}, {"fields": {"object_pk": "1", "user": 3, "content_type": 9, "permission": 28}, "model": "guardian.userobjectpermission", "pk": 26}, {"fields": {"object_pk": "1", "user": 3, "content_type": 9, "permission": 46}, "model": "guardian.userobjectpermission", "pk": 27}, {"fields": {"object_pk": "1", "user": 3, "content_type": 9, "permission": 43}, "model": "guardian.userobjectpermission", "pk": 28}, {"fields": {"object_pk": "1", "user": 3, "content_type": 9, "permission": 39}, "model": "guardian.userobjectpermission", "pk": 29}, {"fields": {"object_pk": "1", "user": 3, "content_type": 9, "permission": 35}, "model": "guardian.userobjectpermission", "pk": 30}, {"fields": {"object_pk": "1", "user": 4, "content_type": 9, "permission": 29}, "model": "guardian.userobjectpermission", "pk": 31}, {"fields": {"object_pk": "1", "user": 4, "content_type": 9, "permission": 26}, "model": "guardian.userobjectpermission", "pk": 32}, {"fields": {"object_pk": "1", "user": 4, "content_type": 9, "permission": 37}, "model": "guardian.userobjectpermission", "pk": 33}, {"fields": {"object_pk": "1", "user": 4, "content_type": 9, "permission": 33}, "model": "guardian.userobjectpermission", "pk": 34}, {"fields": {"object_pk": "1", "user": 4, "content_type": 9, "permission": 41}, "model": "guardian.userobjectpermission", "pk": 35}, {"fields": {"object_pk": "1", "user": 4, "content_type": 9, "permission": 28}, "model": "guardian.userobjectpermission", "pk": 36}, {"fields": {"object_pk": "1", "user": 4, "content_type": 9, "permission": 46}, "model": "guardian.userobjectpermission", "pk": 37}, {"fields": {"object_pk": "1", "user": 4, "content_type": 9, "permission": 43}, "model": "guardian.userobjectpermission", "pk": 38}, {"fields": {"object_pk": "1", "user": 4, "content_type": 9, "permission": 39}, "model": "guardian.userobjectpermission", "pk": 39}, {"fields": {"object_pk": "1", "user": 4, "content_type": 9, "permission": 35}, "model": "guardian.userobjectpermission", "pk": 40}, {"fields": {"object_pk": "1", "user": 5, "content_type": 9, "permission": 29}, "model": "guardian.userobjectpermission", "pk": 41}, {"fields": {"object_pk": "1", "user": 5, "content_type": 9, "permission": 26}, "model": "guardian.userobjectpermission", "pk": 42}, {"fields": {"object_pk": "1", "user": 5, "content_type": 9, "permission": 37}, "model": "guardian.userobjectpermission", "pk": 43}, {"fields": {"object_pk": "1", "user": 5, "content_type": 9, "permission": 33}, "model": "guardian.userobjectpermission", "pk": 44}, {"fields": {"object_pk": "1", "user": 5, "content_type": 9, "permission": 41}, "model": "guardian.userobjectpermission", "pk": 45}, {"fields": {"object_pk": "1", "user": 5, "content_type": 9, "permission": 28}, "model": "guardian.userobjectpermission", "pk": 46}, {"fields": {"object_pk": "1", "user": 5, "content_type": 9, "permission": 46}, "model": "guardian.userobjectpermission", "pk": 47}, {"fields": {"object_pk": "1", "user": 5, "content_type": 9, "permission": 43}, "model": "guardian.userobjectpermission", "pk": 48}, {"fields": {"object_pk": "1", "user": 5, "content_type": 9, "permission": 39}, "model": "guardian.userobjectpermission", "pk": 49}, {"fields": {"object_pk": "1", "user": 5, "content_type": 9, "permission": 35}, "model": "guardian.userobjectpermission", "pk": 50}, {"fields": {"object_pk": "1", "user": 6, "content_type": 9, "permission": 29}, "model": "guardian.userobjectpermission", "pk": 51}, {"fields": {"object_pk": "1", "user": 6, "content_type": 9, "permission": 26}, "model": "guardian.userobjectpermission", "pk": 52}, {"fields": {"object_pk": "1", "user": 6, "content_type": 9, "permission": 37}, "model": "guardian.userobjectpermission", "pk": 53}, {"fields": {"object_pk": "1", "user": 6, "content_type": 9, "permission": 33}, "model": "guardian.userobjectpermission", "pk": 54}, {"fields": {"object_pk": "1", "user": 6, "content_type": 9, "permission": 41}, "model": "guardian.userobjectpermission", "pk": 55}, {"fields": {"object_pk": "1", "user": 6, "content_type": 9, "permission": 28}, "model": "guardian.userobjectpermission", "pk": 56}, {"fields": {"object_pk": "1", "user": 6, "content_type": 9, "permission": 46}, "model": "guardian.userobjectpermission", "pk": 57}, {"fields": {"object_pk": "1", "user": 6, "content_type": 9, "permission": 43}, "model": "guardian.userobjectpermission", "pk": 58}, {"fields": {"object_pk": "1", "user": 6, "content_type": 9, "permission": 39}, "model": "guardian.userobjectpermission", "pk": 59}, {"fields": {"object_pk": "1", "user": 6, "content_type": 9, "permission": 35}, "model": "guardian.userobjectpermission", "pk": 60}, {"fields": {"object_pk": "1", "user": 4, "content_type": 15, "permission": 50}, "model": "guardian.userobjectpermission", "pk": 63}, {"fields": {"object_pk": "1", "user": 4, "content_type": 15, "permission": 51}, "model": "guardian.userobjectpermission", "pk": 64}, {"fields": {"object_pk": "2", "user": 6, "content_type": 15, "permission": 50}, "model": "guardian.userobjectpermission", "pk": 71}, {"fields": {"object_pk": "2", "user": 6, "content_type": 15, "permission": 51}, "model": "guardian.userobjectpermission", "pk": 72}, {"fields": {"nombre": "SIGH", "fecha_creacion": "2016-06-15T17:56:51.202Z", "fecha_inicio": "2016-01-01T03:00:00Z", "estado": "EJ", "fecha_fin": "2016-12-01T03:00:00Z"}, "model": "administracion.proyecto", "pk": 1}, {"fields": {"proyecto": 1, "roles": [1], "usuario": 2}, "model": "administracion.miembroequipo", "pk": 1}, {"fields": {"proyecto": 1, "roles": [2], "usuario": 3}, "model": "administracion.miembroequipo", "pk": 2}, {"fields": {"proyecto": 1, "roles": [2], "usuario": 4}, "model": "administracion.miembroequipo", "pk": 3}, {"fields": {"proyecto": 1, "roles": [2], "usuario": 5}, "model": "administracion.miembroequipo", "pk": 4}, {"fields": {"proyecto": 1, "roles": [2], "usuario": 6}, "model": "administracion.miembroequipo", "pk": 5}, {"fields": {"horasDuracionSprint": 660, "fecha_fin": "2016-07-30T04:00:00Z", "fecha_inicio": "2016-06-30T04:00:00Z", "duracion_sprint": 30, "nombre": "sprint1", "horasRegistradaSprint": 5, "proyecto": 1, "estado": "EJ"}, "model": "administracion.sprint", "pk": 1}, {"fields": {"sprint": 1, "horasDeTrabajo": 5, "usuario": 3}, "model": "administracion.miembroequiposprint", "pk": 1}, {"fields": {"sprint": 1, "horasDeTrabajo": 10, "usuario": 4}, "model": "administracion.miembroequiposprint", "pk": 2}, {"fields": {"sprint": 1, "horasDeTrabajo": 7, "usuario": 6}, "model": "administracion.miembroequiposprint", "pk": 3}, {"fields": {"ultimo_cambio": "2016-06-15T18:17:16.024Z", "tiempo_estimado": 5, "nombre_corto": "us1", "estado_actividad": 0, "actividad": 1, "estado": 1, "nombre_largo": "userstory1", "prioridadFormula": 5.0, "desarrollador": 4, "descripcion": "user story numero 1", "proyecto": 1, "sprint": 1, "tiempo_registrado": 1, "prioridad": 1, "valor_negocio": 5, "valor_tecnico": 8}, "model": "administracion.userstory", "pk": 1}, {"fields": {"ultimo_cambio": "2016-06-15T19:30:52.086Z", "tiempo_estimado": 10, "nombre_corto": "us2", "estado_actividad": 0, "actividad": 1, "estado": 1, "nombre_largo": "userstory2", "prioridadFormula": 7.0, "desarrollador": 6, "descripcion": "user story numero 2", "proyecto": 1, "sprint": 1, "tiempo_registrado": 3, "prioridad": 2, "valor_negocio": 10, "valor_tecnico": 8}, "model": "administracion.userstory", "pk": 2}, {"fields": {"user_story": 1, "estado_actividad": 0, "horas_a_registrar": 1, "actividad": 1, "mensaje": "inicio de actividad", "fecha": "2016-06-15T18:16:44Z", "estado": 1, "desarrollador": 4, "sprint": 1, "tiempo_registrado": 1}, "model": "administracion.nota", "pk": 1}, {"fields": {"user_story": 2, "estado_actividad": 0, "horas_a_registrar": 2, "actividad": 1, "mensaje": "probando", "fecha": "2016-06-15T18:49:34Z", "estado": 1, "desarrollador": 1, "sprint": 1, "tiempo_registrado": 2}, "model": "administracion.nota", "pk": 2}, {"fields": {"user_story": 2, "estado_actividad": 0, "horas_a_registrar": 1, "actividad": 1, "mensaje": "probando", "fecha": "2016-06-15T18:52:42Z", "estado": 1, "desarrollador": 1, "sprint": 1, "tiempo_registrado": 3}, "model": "administracion.nota", "pk": 3}, {"fields": {"comment": "Version Inicial", "date_created": "2016-06-15T17:59:10.345Z", "manager_slug": "default", "user": 2}, "model": "reversion.revision", "pk": 1}, {"fields": {"comment": "Version Inicial", "date_created": "2016-06-15T17:59:56.058Z", "manager_slug": "default", "user": 2}, "model": "reversion.revision", "pk": 2}, {"fields": {"comment": "Modificacion: descripcion", "date_created": "2016-06-15T19:30:52.147Z", "manager_slug": "default", "user": 1}, "model": "reversion.revision", "pk": 3}]