[{"fields": {"model": "logentry", "name": "log entry", "app_label": "admin"}, "model": "contenttypes.contenttype", "pk": 1}, {"fields": {"model": "permission", "name": "permission", "app_label": "auth"}, "model": "contenttypes.contenttype", "pk": 2}, {"fields": {"model": "group", "name": "group", "app_label": "auth"}, "model": "contenttypes.contenttype", "pk": 3}, {"fields": {"model": "user", "name": "user", "app_label": "auth"}, "model": "contenttypes.contenttype", "pk": 4}, {"fields": {"model": "contenttype", "name": "content type", "app_label": "contenttypes"}, "model": "contenttypes.contenttype", "pk": 5}, {"fields": {"model": "session", "name": "session", "app_label": "sessions"}, "model": "contenttypes.contenttype", "pk": 6}, {"fields": {"model": "userobjectpermission", "name": "user object permission", "app_label": "guardian"}, "model": "contenttypes.contenttype", "pk": 7}, {"fields": {"model": "groupobjectpermission", "name": "group object permission", "app_label": "guardian"}, "model": "contenttypes.contenttype", "pk": 8}, {"fields": {"model": "proyecto", "name": "proyecto", "app_label": "administracion"}, "model": "contenttypes.contenttype", "pk": 9}, {"fields": {"model": "miembroequipo", "name": "miembro equipo", "app_label": "administracion"}, "model": "contenttypes.contenttype", "pk": 10}, {"fields": {"model": "sprint", "name": "sprint", "app_label": "administracion"}, "model": "contenttypes.contenttype", "pk": 11}, {"fields": {"model": "miembroequiposprint", "name": "miembro equipo sprint", "app_label": "administracion"}, "model": "contenttypes.contenttype", "pk": 12}, {"fields": {"model": "flujo", "name": "flujo", "app_label": "administracion"}, "model": "contenttypes.contenttype", "pk": 13}, {"fields": {"model": "actividad", "name": "actividad", "app_label": "administracion"}, "model": "contenttypes.contenttype", "pk": 14}, {"fields": {"model": "userstory", "name": "user story", "app_label": "administracion"}, "model": "contenttypes.contenttype", "pk": 15}, {"fields": {"model": "adjunto", "name": "adjunto", "app_label": "administracion"}, "model": "contenttypes.contenttype", "pk": 16}, {"fields": {"model": "nota", "name": "nota", "app_label": "administracion"}, "model": "contenttypes.contenttype", "pk": 17}, {"fields": {"model": "revision", "name": "revision", "app_label": "reversion"}, "model": "contenttypes.contenttype", "pk": 18}, {"fields": {"model": "version", "name": "version", "app_label": "reversion"}, "model": "contenttypes.contenttype", "pk": 19}, {"fields": {"expire_date": "2016-07-01T16:52:19.759Z", "session_data": "NDIzYmE1MTIzYjE4OTQ1OWJlYTkzNThjZDUyNDJjZDJkN2E0NThjMzp7Il9hdXRoX3VzZXJfaGFzaCI6ImRhY2QxMDA0M2Y2YmQwMzE5N2FiNDRmZTM2OTljNjIyMWMzODc5NDAiLCJfYXV0aF91c2VyX2JhY2tlbmQiOiJkamFuZ28uY29udHJpYi5hdXRoLmJhY2tlbmRzLk1vZGVsQmFja2VuZCIsIl9hdXRoX3VzZXJfaWQiOjF9"}, "model": "sessions.session", "pk": "593f6kn88xgu63zo45d7suyailfj94bi"}, {"fields": {"expire_date": "2016-06-30T18:49:51.011Z", "session_data": "NDIzYmE1MTIzYjE4OTQ1OWJlYTkzNThjZDUyNDJjZDJkN2E0NThjMzp7Il9hdXRoX3VzZXJfaGFzaCI6ImRhY2QxMDA0M2Y2YmQwMzE5N2FiNDRmZTM2OTljNjIyMWMzODc5NDAiLCJfYXV0aF91c2VyX2JhY2tlbmQiOiJkamFuZ28uY29udHJpYi5hdXRoLmJhY2tlbmRzLk1vZGVsQmFja2VuZCIsIl9hdXRoX3VzZXJfaWQiOjF9"}, "model": "sessions.session", "pk": "k1wewnzfai0147gkfbmf0r1phkcq3py9"}, {"fields": {"expire_date": "2016-07-01T23:06:11.017Z", "session_data": "NDIzYmE1MTIzYjE4OTQ1OWJlYTkzNThjZDUyNDJjZDJkN2E0NThjMzp7Il9hdXRoX3VzZXJfaGFzaCI6ImRhY2QxMDA0M2Y2YmQwMzE5N2FiNDRmZTM2OTljNjIyMWMzODc5NDAiLCJfYXV0aF91c2VyX2JhY2tlbmQiOiJkamFuZ28uY29udHJpYi5hdXRoLmJhY2tlbmRzLk1vZGVsQmFja2VuZCIsIl9hdXRoX3VzZXJfaWQiOjF9"}, "model": "sessions.session", "pk": "p3l974181w17x9z2pft9fl9t3uje03s5"}, {"fields": {"nombre": "flujo1", "proyecto": 1}, "model": "administracion.flujo", "pk": 1}, {"fields": {"nombre": "flujo2", "proyecto": 1}, "model": "administracion.flujo", "pk": 2}, {"fields": {"nombre": "actividad1", "_order": 0, "flujo": 1}, "model": "administracion.actividad", "pk": 1}, {"fields": {"nombre": "actividad2", "_order": 1, "flujo": 1}, "model": "administracion.actividad", "pk": 2}, {"fields": {"nombre": "actividad3", "_order": 2, "flujo": 1}, "model": "administracion.actividad", "pk": 3}, {"fields": {"nombre": "act1", "_order": 0, "flujo": 2}, "model": "administracion.actividad", "pk": 4}, {"fields": {"user_story": 1, "content_type": "text/x-log", "tipo": "misc", "binario": "MjAxNi0wNS0wNCAxNDo1MjowMyBFUlJPUiAgOiBFUlJPUjogIGRhdGFiYXNlICJpczIiIGlzIGJlaW5nIGFjY2Vzc2VkIGJ5IG90aGVyIHVzZXJzCkRFVEFJTDogIFRoZXJlIGlzIDEgb3RoZXIgc2Vzc2lvbiB1c2luZyB0aGUgZGF0YWJhc2UuCjIwMTYtMDUtMTMgMTg6NDI6NDMgRVJST1IgIDogRVJST1I6ICBjYW5ub3QgZHJvcCB0YWJsZSBhZG1pbmlzdHJhY2lvbl91c2Vyc3RvcnkgYmVjYXVzZSBvdGhlciBvYmplY3RzIGRlcGVuZCBvbiBpdApERVRBSUw6ICBjb25zdHJhaW50IGFkbWluaXN0cl91c2VyX3N0b3J5X2lkX2E1ZDViMjFlX2ZrX2FkbWluaXN0cmFjaW9uX3VzZXJzdG9yeV9pZCBvbiB0YWJsZSBhZG1pbmlzdHJhY2lvbl9ub3RhIGRlcGVuZHMgb24gdGFibGUgYWRtaW5pc3RyYWNpb25fdXNlcnN0b3J5CmNvbnN0cmFpbnQgYWRtaW5pc3RyX3VzZXJfc3RvcnlfaWRfMWFhOGZhMGJfZmtfYWRtaW5pc3RyYWNpb25fdXNlcnN0b3J5X2lkIG9uIHRhYmxlIGFkbWluaXN0cmFjaW9uX2FkanVudG8gZGVwZW5kcyBvbiB0YWJsZSBhZG1pbmlzdHJhY2lvbl91c2Vyc3RvcnkKSElOVDogIFVzZSBEUk9QIC4uLiBDQVNDQURFIHRvIGRyb3AgdGhlIGRlcGVuZGVudCBvYmplY3RzIHRvby4KMjAxNi0wNi0xNSAxMzozNjo0OCBFUlJPUiAgOiBFUlJPUjogIGNhbm5vdCBkcm9wIHRhYmxlIGFkbWluaXN0cmFjaW9uX2FjdGl2aWRhZCBiZWNhdXNlIG90aGVyIG9iamVjdHMgZGVwZW5kIG9uIGl0CkRFVEFJTDogIGNvbnN0cmFpbnQgYWRtaW5pc3RyYWNpb25fdXNlcnN0b3J5X2FjdGl2aWRhZF9pZF9ma2V5IG9uIHRhYmxlIGFkbWluaXN0cmFjaW9uX3VzZXJzdG9yeSBkZXBlbmRzIG9uIHRhYmxlIGFkbWluaXN0cmFjaW9uX2FjdGl2aWRhZApjb25zdHJhaW50IGFkbWluaXN0cmFjaW9uX25vdGFfYWN0aXZpZGFkX2lkX2ZrZXkgb24gdGFibGUgYWRtaW5pc3RyYWNpb25fbm90YSBkZXBlbmRzIG9uIHRhYmxlIGFkbWluaXN0cmFjaW9uX2FjdGl2aWRhZApISU5UOiAgVXNlIERST1AgLi4uIENBU0NBREUgdG8gZHJvcCB0aGUgZGVwZW5kZW50IG9iamVjdHMgdG9vLgoyMDE2LTA2LTE1IDEzOjM3OjIxIEVSUk9SICA6IEVSUk9SOiAgY2Fubm90IGRyb3AgdGFibGUgYWRtaW5pc3RyYWNpb25fYWN0aXZpZGFkIGJlY2F1c2Ugb3RoZXIgb2JqZWN0cyBkZXBlbmQgb24gaXQKREVUQUlMOiAgY29uc3RyYWludCBhZG1pbmlzdHJhY2lvbl91c2Vyc3RvcnlfYWN0aXZpZGFkX2lkX2ZrZXkgb24gdGFibGUgYWRtaW5pc3RyYWNpb25fdXNlcnN0b3J5IGRlcGVuZHMgb24gdGFibGUgYWRtaW5pc3RyYWNpb25fYWN0aXZpZGFkCmNvbnN0cmFpbnQgYWRtaW5pc3RyYWNpb25fbm90YV9hY3RpdmlkYWRfaWRfZmtleSBvbiB0YWJsZSBhZG1pbmlzdHJhY2lvbl9ub3RhIGRlcGVuZHMgb24gdGFibGUgYWRtaW5pc3RyYWNpb25fYWN0aXZpZGFkCkhJTlQ6ICBVc2UgRFJPUCAuLi4gQ0FTQ0FERSB0byBkcm9wIHRoZSBkZXBlbmRlbnQgb2JqZWN0cyB0b28uCjIwMTYtMDYtMTYgMTc6NTk6MDYgRVJST1IgIDogRVJST1I6ICBkYXRhYmFzZSAiaXMydiIgaXMgYmVpbmcgYWNjZXNzZWQgYnkgb3RoZXIgdXNlcnMKREVUQUlMOiAgVGhlcmUgaXMgMSBvdGhlciBzZXNzaW9uIHVzaW5nIHRoZSBkYXRhYmFzZS4KMjAxNi0wNi0xNiAxNzo1OToyMCBFUlJPUiAgOiBFUlJPUjogIGRhdGFiYXNlICJpczJ2IiBpcyBiZWluZyBhY2Nlc3NlZCBieSBvdGhlciB1c2VycwpERVRBSUw6ICBUaGVyZSBpcyAxIG90aGVyIHNlc3Npb24gdXNpbmcgdGhlIGRhdGFiYXNlLgoyMDE2LTA2LTE2IDE4OjAyOjA1IEVSUk9SICA6IEVSUk9SOiAgcmVsYXRpb24gImFkbWluaXN0cmFjaW9uX2FjdGl2aWRhZF9pZF9zZXEiIGRvZXMgbm90IGV4aXN0CkxJTkUgMjogICBGUk9NIGFkbWluaXN0cmFjaW9uX2FjdGl2aWRhZF9pZF9zZXEKICAgICAgICAgICAgICAgXgoyMDE2LTA2LTE2IDE4OjAyOjA3IEVSUk9SICA6IENvbHVtbiBub3QgZm91bmQgaW4gcGdTZXQ6IGxhc3RfdmFsdWUKMjAxNi0wNi0xNiAxODowMjoxMCBFUlJPUiAgOiBDb2x1bW4gbm90IGZvdW5kIGluIHBnU2V0OiBtaW5fdmFsdWUKMjAxNi0wNi0xNiAxODowMjoxMiBFUlJPUiAgOiBDb2x1bW4gbm90IGZvdW5kIGluIHBnU2V0OiBtYXhfdmFsdWUKMjAxNi0wNi0xNiAxODowMjoxMiBFUlJPUiAgOiBDb2x1bW4gbm90IGZvdW5kIGluIHBnU2V0OiBjYWNoZV92YWx1ZQoyMDE2LTA2LTE2IDE4OjAyOjEyIEVSUk9SICA6IENvbHVtbiBub3QgZm91bmQgaW4gcGdTZXQ6IGluY3JlbWVudF9ieQoyMDE2LTA2LTE2IDE4OjAyOjEzIEVSUk9SICA6IENvbHVtbiBub3QgZm91bmQgaW4gcGdTZXQ6IGlzX2N5Y2xlZAoyMDE2LTA2LTE2IDE4OjAyOjEzIEVSUk9SICA6IENvbHVtbiBub3QgZm91bmQgaW4gcGdTZXQ6IGlzX2NhbGxlZAoyMDE2LTA2LTE2IDE4OjAyOjEzIEVSUk9SICA6IEVSUk9SOiAgcmVsYXRpb24gImFkbWluaXN0cmFjaW9uX2FjdGl2aWRhZF9pZF9zZXEiIGRvZXMgbm90IGV4aXN0CkxJTkUgMjogICBGUk9NIGFkbWluaXN0cmFjaW9uX2FjdGl2aWRhZF9pZF9zZXEKICAgICAgICAgICAgICAgXgoyMDE2LTA2LTE2IDE4OjAyOjE2IEVSUk9SICA6IENvbHVtbiBub3QgZm91bmQgaW4gcGdTZXQ6IGxhc3RfdmFsdWUKMjAxNi0wNi0xNiAxODowMjoxOCBFUlJPUiAgOiBDb2x1bW4gbm90IGZvdW5kIGluIHBnU2V0OiBtaW5fdmFsdWUKMjAxNi0wNi0xNiAxODowMjoxOCBFUlJPUiAgOiBDb2x1bW4gbm90IGZvdW5kIGluIHBnU2V0OiBtYXhfdmFsdWUKMjAxNi0wNi0xNiAxODowMjoxOCBFUlJPUiAgOiBDb2x1bW4gbm90IGZvdW5kIGluIHBnU2V0OiBjYWNoZV92YWx1ZQoyMDE2LTA2LTE2IDE4OjAyOjE5IEVSUk9SICA6IENvbHVtbiBub3QgZm91bmQgaW4gcGdTZXQ6IGluY3JlbWVudF9ieQoyMDE2LTA2LTE2IDE4OjAyOjIxIEVSUk9SICA6IENvbHVtbiBub3QgZm91bmQgaW4gcGdTZXQ6IGlzX2N5Y2xlZAoyMDE2LTA2LTE2IDE4OjAyOjIyIEVSUk9SICA6IENvbHVtbiBub3QgZm91bmQgaW4gcGdTZXQ6IGlzX2NhbGxlZAoyMDE2LTA2LTE2IDE4OjAyOjIyIEVSUk9SICA6IEVSUk9SOiAgcmVsYXRpb24gImd1YXJkaWFuX2dyb3Vwb2JqZWN0cGVybWlzc2lvbl9pZF9zZXEiIGRvZXMgbm90IGV4aXN0CkxJTkUgMjogICBGUk9NIGd1YXJkaWFuX2dyb3Vwb2JqZWN0cGVybWlzc2lvbl9pZF9zZXEKICAgICAgICAgICAgICAgXgoyMDE2LTA2LTE2IDE4OjAyOjI2IEVSUk9SICA6IENvbHVtbiBub3QgZm91bmQgaW4gcGdTZXQ6IGxhc3RfdmFsdWUKMjAxNi0wNi0xNiAxODowMjoyNyBFUlJPUiAgOiBDb2x1bW4gbm90IGZvdW5kIGluIHBnU2V0OiBtaW5fdmFsdWUKMjAxNi0wNi0xNiAxODowMjoyNyBFUlJPUiAgOiBDb2x1bW4gbm90IGZvdW5kIGluIHBnU2V0OiBtYXhfdmFsdWUKMjAxNi0wNi0xNiAxODowMjoyNyBFUlJPUiAgOiBDb2x1bW4gbm90IGZvdW5kIGluIHBnU2V0OiBjYWNoZV92YWx1ZQoyMDE2LTA2LTE2IDE4OjAyOjI4IEVSUk9SICA6IENvbHVtbiBub3QgZm91bmQgaW4gcGdTZXQ6IGluY3JlbWVudF9ieQoyMDE2LTA2LTE2IDE4OjAyOjI4IEVSUk9SICA6IENvbHVtbiBub3QgZm91bmQgaW4gcGdTZXQ6IGlzX2N5Y2xlZAoyMDE2LTA2LTE2IDE4OjAyOjI4IEVSUk9SICA6IENvbHVtbiBub3QgZm91bmQgaW4gcGdTZXQ6IGlzX2NhbGxlZAoyMDE2LTA2LTE2IDE4OjAyOjI4IEVSUk9SICA6IEVSUk9SOiAgcmVsYXRpb24gImd1YXJkaWFuX2dyb3Vwb2JqZWN0cGVybWlzc2lvbl9pZF9zZXEiIGRvZXMgbm90IGV4aXN0CkxJTkUgMjogICBGUk9NIGd1YXJkaWFuX2dyb3Vwb2JqZWN0cGVybWlzc2lvbl9pZF9zZXEKICAgICAgICAgICAgICAgXgoyMDE2LTA2LTE2IDE4OjAyOjM1IEVSUk9SICA6IENvbHVtbiBub3QgZm91bmQgaW4gcGdTZXQ6IGxhc3RfdmFsdWUKMjAxNi0wNi0xNiAxODowMjozNSBFUlJPUiAgOiBFUlJPUjogIHJlbGF0aW9uICJkamFuZ29fY29udGVudF90eXBlX2lkX3NlcSIgZG9lcyBub3QgZXhpc3QKTElORSAyOiAgIEZST00gZGphbmdvX2NvbnRlbnRfdHlwZV9pZF9zZXEKICAgICAgICAgICAgICAgXgoyMDE2LTA2LTE2IDE4OjAyOjM3IEVSUk9SICA6IENvbHVtbiBub3QgZm91bmQgaW4gcGdTZXQ6IGxhc3RfdmFsdWUKMjAxNi0wNi0xNiAxODowMjozNyBFUlJPUiAgOiBDb2x1bW4gbm90IGZvdW5kIGluIHBnU2V0OiBtaW5fdmFsdWUKMjAxNi0wNi0xNiAxODowMjozOCBFUlJPUiAgOiBDb2x1bW4gbm90IGZvdW5kIGluIHBnU2V0OiBtYXhfdmFsdWUKMjAxNi0wNi0xNiAxODowMjozOCBFUlJPUiAgOiBDb2x1bW4gbm90IGZvdW5kIGluIHBnU2V0OiBjYWNoZV92YWx1ZQoyMDE2LTA2LTE2IDE4OjAyOjM4IEVSUk9SICA6IENvbHVtbiBub3QgZm91bmQgaW4gcGdTZXQ6IGluY3JlbWVudF9ieQoyMDE2LTA2LTE2IDE4OjAyOjM4IEVSUk9SICA6IENvbHVtbiBub3QgZm91bmQgaW4gcGdTZXQ6IGlzX2N5Y2xlZAoyMDE2LTA2LTE2IDE4OjAyOjM5IEVSUk9SICA6IENvbHVtbiBub3QgZm91bmQgaW4gcGdTZXQ6IGlzX2NhbGxlZAoyMDE2LTA2LTE2IDE4OjAyOjM5IEVSUk9SICA6IEVSUk9SOiAgcmVsYXRpb24gImRqYW5nb19jb250ZW50X3R5cGVfaWRfc2VxIiBkb2VzIG5vdCBleGlzdApMSU5FIDI6ICAgRlJPTSBkamFuZ29fY29udGVudF90eXBlX2lkX3NlcQogICAgICAgICAgICAgICBeCjIwMTYtMDYtMTYgMTg6MDI6MzkgRVJST1IgIDogQ29sdW1uIG5vdCBmb3VuZCBpbiBwZ1NldDogbGFzdF92YWx1ZQoyMDE2LTA2LTE2IDE4OjAyOjQwIEVSUk9SICA6IENvbHVtbiBub3QgZm91bmQgaW4gcGdTZXQ6IG1pbl92YWx1ZQoyMDE2LTA2LTE2IDE4OjAyOjQwIEVSUk9SICA6IENvbHVtbiBub3QgZm91bmQgaW4gcGdTZXQ6IG1heF92YWx1ZQoyMDE2LTA2LTE2IDE4OjAyOjQwIEVSUk9SICA6IENvbHVtbiBub3QgZm91bmQgaW4gcGdTZXQ6IGNhY2hlX3ZhbHVlCjIwMTYtMDYtMTYgMTg6MDI6NDAgRVJST1IgIDogQ29sdW1uIG5vdCBmb3VuZCBpbiBwZ1NldDogaW5jcmVtZW50X2J5CjIwMTYtMDYtMTYgMTg6MDI6NDEgRVJST1IgIDogQ29sdW1uIG5vdCBmb3VuZCBpbiBwZ1NldDogaXNfY3ljbGVkCjIwMTYtMDYtMTYgMTg6MDI6NDEgRVJST1IgIDogQ29sdW1uIG5vdCBmb3VuZCBpbiBwZ1NldDogaXNfY2FsbGVkCjIwMTYtMDYtMTYgMTg6MDI6NDEgRVJST1IgIDogQ29sdW1uIG5vdCBmb3VuZCBpbiBwZ1NldDogbWluX3ZhbHVlCjIwMTYtMDYtMTYgMTg6MDI6NDEgRVJST1IgIDogQ29sdW1uIG5vdCBmb3VuZCBpbiBwZ1NldDogbWF4X3ZhbHVlCjIwMTYtMDYtMTYgMTg6MDI6NDEgRVJST1IgIDogQ29sdW1uIG5vdCBmb3VuZCBpbiBwZ1NldDogY2FjaGVfdmFsdWUKMjAxNi0wNi0xNiAxODowMjo0MiBFUlJPUiAgOiBDb2x1bW4gbm90IGZvdW5kIGluIHBnU2V0OiBpbmNyZW1lbnRfYnkKMjAxNi0wNi0xNiAxODowMjo0MiBFUlJPUiAgOiBDb2x1bW4gbm90IGZvdW5kIGluIHBnU2V0OiBpc19jeWNsZWQKMjAxNi0wNi0xNiAxODowMjo0MiBFUlJPUiAgOiBDb2x1bW4gbm90IGZvdW5kIGluIHBnU2V0OiBpc19jYWxsZWQKMjAxNi0wNi0xNiAyMTozNDoyMCBFUlJPUiAgOiBFUlJPUjogIGNhbm5vdCBkcm9wIHRhYmxlIGFkbWluaXN0cmFjaW9uX2FjdGl2aWRhZCBiZWNhdXNlIG90aGVyIG9iamVjdHMgZGVwZW5kIG9uIGl0CkRFVEFJTDogIGNvbnN0cmFpbnQgYWRfYWN0aXZpZGFkX2lkXzRhZjQ5MDJmYWVlNDMzNWZfZmtfYWRtaW5pc3RyYWNpb25fYWN0aXZpZGFkX2lkIG9uIHRhYmxlIGFkbWluaXN0cmFjaW9uX25vdGEgZGVwZW5kcyBvbiB0YWJsZSBhZG1pbmlzdHJhY2lvbl9hY3RpdmlkYWQKY29uc3RyYWludCBhZF9hY3RpdmlkYWRfaWRfNWFkYjM0YzNmODFhNmRjOF9ma19hZG1pbmlzdHJhY2lvbl9hY3RpdmlkYWRfaWQgb24gdGFibGUgYWRtaW5pc3RyYWNpb25fdXNlcnN0b3J5IGRlcGVuZHMgb24gdGFibGUgYWRtaW5pc3RyYWNpb25fYWN0aXZpZGFkCkhJTlQ6ICBVc2UgRFJPUCAuLi4gQ0FTQ0FERSB0byBkcm9wIHRoZSBkZXBlbmRlbnQgb2JqZWN0cyB0b28uCjIwMTYtMDYtMTYgMjE6MzQ6NTAgRVJST1IgIDogRVJST1I6ICBjYW5ub3QgZHJvcCB0YWJsZSBhZG1pbmlzdHJhY2lvbl9hY3RpdmlkYWQgYmVjYXVzZSBvdGhlciBvYmplY3RzIGRlcGVuZCBvbiBpdApERVRBSUw6ICBjb25zdHJhaW50IGFkX2FjdGl2aWRhZF9pZF80YWY0OTAyZmFlZTQzMzVmX2ZrX2FkbWluaXN0cmFjaW9uX2FjdGl2aWRhZF9pZCBvbiB0YWJsZSBhZG1pbmlzdHJhY2lvbl9ub3RhIGRlcGVuZHMgb24gdGFibGUgYWRtaW5pc3RyYWNpb25fYWN0aXZpZGFkCmNvbnN0cmFpbnQgYWRfYWN0aXZpZGFkX2lkXzVhZGIzNGMzZjgxYTZkYzhfZmtfYWRtaW5pc3RyYWNpb25fYWN0aXZpZGFkX2lkIG9uIHRhYmxlIGFkbWluaXN0cmFjaW9uX3VzZXJzdG9yeSBkZXBlbmRzIG9uIHRhYmxlIGFkbWluaXN0cmFjaW9uX2FjdGl2aWRhZApISU5UOiAgVXNlIERST1AgLi4uIENBU0NBREUgdG8gZHJvcCB0aGUgZGVwZW5kZW50IG9iamVjdHMgdG9vLgo=", "filename": "pgadmin.log", "creacion": "2016-06-17T16:41:15.828Z", "descripcion": "pkf", "nombre": "pg", "lenguaje": null}, "model": "administracion.adjunto", "pk": 1}, {"fields": {"user_story": 1, "content_type": "application/x-shellscript", "tipo": "src", "binario": "IyEvYmluL2Jhc2gKIyAtKi0gRU5DT0RJTkc6IFVURi04IC0qLQojdGVuZHJhIGVsIHBhcmFtZXRybyAnZW50b3Jub2Rlc2Fycm9sbG9wMicgc2kgcXVpZXJlIHVzYXIgdW4gZW50b3JubyB2aXJ0dWFsIGV4aXN0ZW50ZQojIG8gY3VhbHF1aWVyIGxldHJhIHNpIHF1aWVyZSBjcmVhciB1bm8gbnVldm8KdmFyMT0kMQojbWtkaXIgU0NSSVBUREVTQVJST0xMTwojY2QgU0NSSVBUREVTQVJST0xMTwkJCiNnaXQgY2xvbmUgOi8vZ2l0aHViLmNvbS9DcmlzdGhpYW5KQkQvUHJveWVjdG9JUzIuZ2l0CiNjZCAuLgpjcCAtciBpczIgc2NyaXB0CmVjaG8gJHZhcjEKaWYgWyAkdmFyMSA9ICJlbnRvcm5vZGVzYXJyb2xsb3AyIiBdOyB0aGVuCiAgICBlY2hvICJTZSBhY3RpdmEgZW50b3Jub2Rlc2Fycm9sbG9wMiIKICAgIHNvdXJjZSBlbnRvcm5vZGVzYXJyb2xsb3AyL2Jpbi9hY3RpdmF0ZQplbHNlCiAgICBlY2hvICJTZSBjcmVhIGVudG9ybm8gbnVldm8gZW52cDIiCiAgICB2aXJ0dWFsZW52IGVudnAyCiAgICBzb3VyY2UgZW52cDIvYmluL2FjdGl2YXRlCiAgICBwaXAgaW5zdGFsbCAtciBzY3JpcHQvaXMyL3JlcXVlcmltaWVudG9zLnR4dApmaQoKY2Qgc2NyaXB0L2lzMgpjaG1vZCBhK3ggcG9ibGFyZGF0YWJhc2Uuc2gKLi9wb2JsYXJkYXRhYmFzZS5zaAojY2QgZG9jcwkJCQkKI2dvb2dsZS1jaHJvbWUtc3RhYmxlIHByaW5jaXBhbC5odG1sCQkKI2NkIC4uCnB5dGhvbiBtYW5hZ2UucHkgcnVuc2VydmVyCQkJCg==", "filename": "script.sh", "creacion": "2016-06-17T21:30:02.112Z", "descripcion": "adjunto 1", "nombre": "adj1", "lenguaje": "bash"}, "model": "administracion.adjunto", "pk": 2}, {"fields": {"user_story": 1, "content_type": "text/x-python", "tipo": "src", "binario": "aW1wb3J0IHBzeWNvcGcyCmltcG9ydCBzeXMKCmNvbm4gPSBOb25lCmNvbm4gPSBwc3ljb3BnMi5jb25uZWN0KGRhdGFiYXNlPSJwb3N0Z3JlcyIsIHVzZXI9InBvc3RncmVzIiwgcGFzc3dvcmQ9InBvc3RncmVzIiwgaG9zdD0iMTI3LjAuMC4xIiwgcG9ydD0iNTQzMiIpCmNvbm4uc2V0X2lzb2xhdGlvbl9sZXZlbCgwKQpjdXJzb3IgPSBjb25uLmN1cnNvcigpCnRyeToKICAgIGN1cnNvci5leGVjdXRlKCdEUk9QIERBVEFCQVNFIGlzMicpCiAgICBwcmludCAoIkxhIGJhc2UgZGUgZGF0b3MgZnVlIGVsaW1pbmFkYS4iKQpleGNlcHQgcHN5Y29wZzIuUHJvZ3JhbW1pbmdFcnJvcjoKICAgIHByaW50ICgiTGEgYmFzZSBkZSBkYXRvcyBubyBleGlzdGUuIikKZXhjZXB0IHBzeWNvcGcyLk9wZXJhdGlvbmFsRXJyb3I6CiAgICBwcmludCAoIkxhIGJhc2UgZGUgZGF0b3MgZXN0YSBzaWVuZG8gdXRpbGl6YWRhLiBObyBzZSBwdWVkZSBlbGltaW5hci4iKQogICAgc3lzLmV4aXQoMSkKY3Vyc29yLmV4ZWN1dGUoJ0NSRUFURSBEQVRBQkFTRSBpczInKQpjdXJzb3IuY2xvc2UoKQpjb25uLmNsb3NlKCkKcHJpbnQgKCJCYXNlIGRlIERhdG9zIGZ1ZSBjcmVhZGEuIikKc3lzLmV4aXQoMCkK", "filename": "crearBasedeDatos.py", "creacion": "2016-06-17T21:32:06.050Z", "descripcion": "archivo .py", "nombre": "poblacion", "lenguaje": "python"}, "model": "administracion.adjunto", "pk": 3}, {"fields": {"format": "json", "object_repr": "userstory1", "object_id": "1", "content_type": 15, "object_id_int": 1, "serialized_data": "[{\"fields\": {\"tiempo_estimado\": 5, \"nombre_corto\": \"us1\", \"descripcion\": \"user story numero 1\", \"nombre_largo\": \"userstory1\", \"valor_negocio\": 5, \"valor_tecnico\": 8}, \"model\": \"administracion.userstory\", \"pk\": 1}]", "revision": 1}, "model": "reversion.version", "pk": 1}, {"fields": {"format": "json", "object_repr": "userstory2", "object_id": "2", "content_type": 15, "object_id_int": 2, "serialized_data": "[{\"fields\": {\"tiempo_estimado\": 10, \"nombre_corto\": \"us2\", \"descripcion\": \"user story numero 3\", \"nombre_largo\": \"userstory2\", \"valor_negocio\": 10, \"valor_tecnico\": 8}, \"model\": \"administracion.userstory\", \"pk\": 2}]", "revision": 2}, "model": "reversion.version", "pk": 2}, {"fields": {"format": "json", "object_repr": "userstory2", "object_id": "2", "content_type": 15, "object_id_int": 2, "serialized_data": "[{\"fields\": {\"tiempo_estimado\": 10, \"nombre_corto\": \"us2\", \"descripcion\": \"user story numero 2\", \"nombre_largo\": \"userstory2\", \"valor_negocio\": 10, \"valor_tecnico\": 8}, \"model\": \"administracion.userstory\", \"pk\": 2}]", "revision": 3}, "model": "reversion.version", "pk": 3}, {"fields": {"format": "json", "object_repr": "userstory3", "object_id": "3", "content_type": 15, "object_id_int": 3, "serialized_data": "[{\"fields\": {\"tiempo_estimado\": 5, \"nombre_corto\": \"us3\", \"descripcion\": \"user story 3\", \"nombre_largo\": \"userstory3\", \"valor_negocio\": 1, \"valor_tecnico\": 2}, \"model\": \"administracion.userstory\", \"pk\": 3}]", "revision": 4}, "model": "reversion.version", "pk": 4}, {"fields": {"format": "json", "object_repr": "userstory1", "object_id": "1", "content_type": 15, "object_id_int": 1, "serialized_data": "[{\"fields\": {\"tiempo_estimado\": 5, \"nombre_corto\": \"us1\", \"descripcion\": \"user story numero 1\", \"nombre_largo\": \"userstory1\", \"valor_negocio\": 6, \"valor_tecnico\": 8}, \"model\": \"administracion.userstory\", \"pk\": 1}]", "revision": 5}, "model": "reversion.version", "pk": 5}, {"fields": {"format": "json", "object_repr": "userstory3", "object_id": "3", "content_type": 15, "object_id_int": 3, "serialized_data": "[{\"fields\": {\"tiempo_estimado\": 20, \"nombre_corto\": \"us3\", \"descripcion\": \"user story 3\", \"nombre_largo\": \"userstory3\", \"valor_negocio\": 1, \"valor_tecnico\": 2}, \"model\": \"administracion.userstory\", \"pk\": 3}]", "revision": 6}, "model": "reversion.version", "pk": 6}, {"fields": {"format": "json", "object_repr": "userstory2 - Prioridad: 6 - Duracion: 20", "object_id": "4", "content_type": 15, "object_id_int": 4, "serialized_data": "[{\"fields\": {\"tiempo_estimado\": 20, \"nombre_corto\": \"us2\", \"descripcion\": \"user story 2\", \"nombre_largo\": \"userstory2\", \"valor_negocio\": 5, \"valor_tecnico\": 10}, \"model\": \"administracion.userstory\", \"pk\": 4}]", "revision": 7}, "model": "reversion.version", "pk": 7}, {"fields": {"codename": "add_logentry", "name": "Can add log entry", "content_type": 1}, "model": "auth.permission", "pk": 1}, {"fields": {"codename": "change_logentry", "name": "Can change log entry", "content_type": 1}, "model": "auth.permission", "pk": 2}, {"fields": {"codename": "delete_logentry", "name": "Can delete log entry", "content_type": 1}, "model": "auth.permission", "pk": 3}, {"fields": {"codename": "add_permission", "name": "Can add permission", "content_type": 2}, "model": "auth.permission", "pk": 4}, {"fields": {"codename": "change_permission", "name": "Can change permission", "content_type": 2}, "model": "auth.permission", "pk": 5}, {"fields": {"codename": "delete_permission", "name": "Can delete permission", "content_type": 2}, "model": "auth.permission", "pk": 6}, {"fields": {"codename": "add_group", "name": "Can add group", "content_type": 3}, "model": "auth.permission", "pk": 7}, {"fields": {"codename": "change_group", "name": "Can change group", "content_type": 3}, "model": "auth.permission", "pk": 8}, {"fields": {"codename": "delete_group", "name": "Can delete group", "content_type": 3}, "model": "auth.permission", "pk": 9}, {"fields": {"codename": "add_user", "name": "Can add user", "content_type": 4}, "model": "auth.permission", "pk": 10}, {"fields": {"codename": "change_user", "name": "Can change user", "content_type": 4}, "model": "auth.permission", "pk": 11}, {"fields": {"codename": "delete_user", "name": "Can delete user", "content_type": 4}, "model": "auth.permission", "pk": 12}, {"fields": {"codename": "add_contenttype", "name": "Can add content type", "content_type": 5}, "model": "auth.permission", "pk": 13}, {"fields": {"codename": "change_contenttype", "name": "Can change content type", "content_type": 5}, "model": "auth.permission", "pk": 14}, {"fields": {"codename": "delete_contenttype", "name": "Can delete content type", "content_type": 5}, "model": "auth.permission", "pk": 15}, {"fields": {"codename": "add_session", "name": "Can add session", "content_type": 6}, "model": "auth.permission", "pk": 16}, {"fields": {"codename": "change_session", "name": "Can change session", "content_type": 6}, "model": "auth.permission", "pk": 17}, {"fields": {"codename": "delete_session", "name": "Can delete session", "content_type": 6}, "model": "auth.permission", "pk": 18}, {"fields": {"codename": "add_userobjectpermission", "name": "Can add user object permission", "content_type": 7}, "model": "auth.permission", "pk": 19}, {"fields": {"codename": "change_userobjectpermission", "name": "Can change user object permission", "content_type": 7}, "model": "auth.permission", "pk": 20}, {"fields": {"codename": "delete_userobjectpermission", "name": "Can delete user object permission", "content_type": 7}, "model": "auth.permission", "pk": 21}, {"fields": {"codename": "add_groupobjectpermission", "name": "Can add group object permission", "content_type": 8}, "model": "auth.permission", "pk": 22}, {"fields": {"codename": "change_groupobjectpermission", "name": "Can change group object permission", "content_type": 8}, "model": "auth.permission", "pk": 23}, {"fields": {"codename": "delete_groupobjectpermission", "name": "Can delete group object permission", "content_type": 8}, "model": "auth.permission", "pk": 24}, {"fields": {"codename": "add_proyecto", "name": "Can add proyecto", "content_type": 9}, "model": "auth.permission", "pk": 25}, {"fields": {"codename": "change_proyecto", "name": "Can change proyecto", "content_type": 9}, "model": "auth.permission", "pk": 26}, {"fields": {"codename": "delete_proyecto", "name": "Can delete proyecto", "content_type": 9}, "model": "auth.permission", "pk": 27}, {"fields": {"codename": "listar_proyectos", "name": "Listar Proyectos", "content_type": 9}, "model": "auth.permission", "pk": 28}, {"fields": {"codename": "ver_proyecto", "name": "Ver detalles del proyecto", "content_type": 9}, "model": "auth.permission", "pk": 29}, {"fields": {"codename": "asignar_equipo", "name": "Asignar los miembros del equipo", "content_type": 9}, "model": "auth.permission", "pk": 30}, {"fields": {"codename": "aprobar_proyecto", "name": "Aprobar el proyecto", "content_type": 9}, "model": "auth.permission", "pk": 31}, {"fields": {"codename": "crear_sprint", "name": "Agregar Sprint", "content_type": 9}, "model": "auth.permission", "pk": 32}, {"fields": {"codename": "editar_sprint", "name": "Editar Sprint", "content_type": 9}, "model": "auth.permission", "pk": 33}, {"fields": {"codename": "eliminar_sprint", "name": "Eliminar Sprint", "content_type": 9}, "model": "auth.permission", "pk": 34}, {"fields": {"codename": "ver_sprint", "name": "Ver Sprint", "content_type": 9}, "model": "auth.permission", "pk": 35}, {"fields": {"codename": "crear_flujo", "name": "Agregar Flujo", "content_type": 9}, "model": "auth.permission", "pk": 36}, {"fields": {"codename": "editar_flujo", "name": "Editar Flujo", "content_type": 9}, "model": "auth.permission", "pk": 37}, {"fields": {"codename": "eliminar_flujo", "name": "Eliminar Flujo", "content_type": 9}, "model": "auth.permission", "pk": 38}, {"fields": {"codename": "ver_flujo", "name": "Ver Flujo", "content_type": 9}, "model": "auth.permission", "pk": 39}, {"fields": {"codename": "crear_userstory", "name": "Agregar User Story", "content_type": 9}, "model": "auth.permission", "pk": 40}, {"fields": {"codename": "editar_userstory", "name": "Editar User Story", "content_type": 9}, "model": "auth.permission", "pk": 41}, {"fields": {"codename": "eliminar_userstory", "name": "Eliminar User Story", "content_type": 9}, "model": "auth.permission", "pk": 42}, {"fields": {"codename": "registraractividad_userstory", "name": "Registrar avances en User Story", "content_type": 9}, "model": "auth.permission", "pk": 43}, {"fields": {"codename": "aprobar_userstory", "name": "Aprobar User Story completado", "content_type": 9}, "model": "auth.permission", "pk": 44}, {"fields": {"codename": "cancelar_userstory", "name": "Cancelar User Story completado", "content_type": 9}, "model": "auth.permission", "pk": 45}, {"fields": {"codename": "priorizar_userstory", "name": "asignar prioridad a userstories", "content_type": 9}, "model": "auth.permission", "pk": 46}, {"fields": {"codename": "add_actividad", "name": "Can add actividad", "content_type": 14}, "model": "auth.permission", "pk": 47}, {"fields": {"codename": "change_actividad", "name": "Can change actividad", "content_type": 14}, "model": "auth.permission", "pk": 48}, {"fields": {"codename": "delete_actividad", "name": "Can delete actividad", "content_type": 14}, "model": "auth.permission", "pk": 49}, {"fields": {"codename": "editar_mi_userstory", "name": "Editar mis User Stories", "content_type": 15}, "model": "auth.permission", "pk": 50}, {"fields": {"codename": "registraractividad_mi_userstory", "name": "Registrar avances en mis User Stories", "content_type": 15}, "model": "auth.permission", "pk": 51}, {"fields": {"codename": "add_adjunto", "name": "Can add adjunto", "content_type": 16}, "model": "auth.permission", "pk": 52}, {"fields": {"codename": "change_adjunto", "name": "Can change adjunto", "content_type": 16}, "model": "auth.permission", "pk": 53}, {"fields": {"codename": "delete_adjunto", "name": "Can delete adjunto", "content_type": 16}, "model": "auth.permission", "pk": 54}, {"fields": {"codename": "add_nota", "name": "Can add nota", "content_type": 17}, "model": "auth.permission", "pk": 55}, {"fields": {"codename": "change_nota", "name": "Can change nota", "content_type": 17}, "model": "auth.permission", "pk": 56}, {"fields": {"codename": "delete_nota", "name": "Can delete nota", "content_type": 17}, "model": "auth.permission", "pk": 57}, {"fields": {"codename": "add_revision", "name": "Can add revision", "content_type": 18}, "model": "auth.permission", "pk": 58}, {"fields": {"codename": "change_revision", "name": "Can change revision", "content_type": 18}, "model": "auth.permission", "pk": 59}, {"fields": {"codename": "delete_revision", "name": "Can delete revision", "content_type": 18}, "model": "auth.permission", "pk": 60}, {"fields": {"codename": "add_version", "name": "Can add version", "content_type": 19}, "model": "auth.permission", "pk": 61}, {"fields": {"codename": "change_version", "name": "Can change version", "content_type": 19}, "model": "auth.permission", "pk": 62}, {"fields": {"codename": "delete_version", "name": "Can delete version", "content_type": 19}, "model": "auth.permission", "pk": 63}, {"fields": {"name": "Scrum Master", "permissions": [31, 44, 45, 26, 36, 32, 40, 27, 37, 33, 41, 38, 34, 42, 28, 46, 43, 39, 29, 35, 50]}, "model": "auth.group", "pk": 1}, {"fields": {"name": "Desarrollador", "permissions": [26, 37, 33, 41, 28, 46, 43, 39, 29, 35, 50, 51]}, "model": "auth.group", "pk": 2}, {"fields": {"username": "admin", "first_name": "", "last_name": "", "is_active": true, "is_superuser": true, "is_staff": true, "last_login": "2016-06-17T23:06:10.935Z", "groups": [], "user_permissions": [], "password": "pbkdf2_sha256$12000$pKeyLefq3XQq$dEFAIy/lqubCSsuFZaGczMeKJS7jQv0D7zyKI3KEfgs=", "email": "capi@is2.com", "date_joined": "2016-06-15T17:45:39Z"}, "model": "auth.user", "pk": 1}, {"fields": {"username": "capi", "first_name": "Christian", "last_name": "Delgado", "is_active": true, "is_superuser": false, "is_staff": false, "last_login": "2016-06-17T16:49:51.823Z", "groups": [], "user_permissions": [], "password": "pbkdf2_sha256$12000$SWuZDAVc2KSe$iq1uLoo9rg1L9Yq34H5v8VtlO424fXbYVR9D+1TyjGo=", "email": "christian_capi@hotmail.com", "date_joined": "2016-06-15T17:51:24.748Z"}, "model": "auth.user", "pk": 2}, {"fields": {"username": "cristhian", "first_name": "Cristhian", "last_name": "Benitez", "is_active": true, "is_superuser": false, "is_staff": false, "last_login": "2016-06-15T17:52:07.675Z", "groups": [], "user_permissions": [], "password": "pbkdf2_sha256$12000$ZB2HtCcqZSOd$tTp5QIjbsXNqYdAEXBHeU/tZN8XPRwCWQcJ+65NU8ao=", "email": "cristhian.benitez@gmail.com", "date_joined": "2016-06-15T17:52:07.675Z"}, "model": "auth.user", "pk": 3}, {"fields": {"username": "fernando", "first_name": "Fernando", "last_name": "Britez", "is_active": true, "is_superuser": false, "is_staff": false, "last_login": "2016-06-15T18:16:13.325Z", "groups": [], "user_permissions": [], "password": "pbkdf2_sha256$12000$cH6NtobQh3uA$bqTkE0uk/7GVLTjWB1n0MVguhRWl8pPhl7gWfY2CKJI=", "email": "ferbri10@gmail.com", "date_joined": "2016-06-15T17:52:39.020Z"}, "model": "auth.user", "pk": 4}, {"fields": {"username": "isidro", "first_name": "Isidro", "last_name": "Gaona", "is_active": true, "is_superuser": false, "is_staff": false, "last_login": "2016-06-15T17:54:48.574Z", "groups": [], "user_permissions": [], "password": "pbkdf2_sha256$12000$LKKNOO2c686P$aekBDY8PlrlgljxZMIHmRNXYt4uuFtVdrIxXNMtqpTA=", "email": "isigao1802@gmail.com", "date_joined": "2016-06-15T17:54:48.574Z"}, "model": "auth.user", "pk": 5}, {"fields": {"username": "marcelo", "first_name": "Marcelo", "last_name": "Delgado", "is_active": true, "is_superuser": false, "is_staff": false, "last_login": "2016-06-16T18:48:28.421Z", "groups": [], "user_permissions": [], "password": "pbkdf2_sha256$12000$Lkf0FuXdsqqt$32Ttim5KIsDSv+G02miQCNaqjayj4uNnxIYc29vmqHc=", "email": "ing.delgadomontiel@gmail.com", "date_joined": "2016-06-15T17:55:40.191Z"}, "model": "auth.user", "pk": 6}, {"fields": {"username": "admin2", "first_name": "", "last_name": "", "is_active": true, "is_superuser": true, "is_staff": true, "last_login": "2016-06-17T16:51:21.670Z", "groups": [], "user_permissions": [], "password": "pbkdf2_sha256$12000$QLmJRkcVGOR7$jjIR9WjeH8tj+YmeW2ht40//SuRGYULaeeX+pd+N1e0=", "email": "ada@is.com", "date_joined": "2016-06-17T16:51:10.408Z"}, "model": "auth.user", "pk": 7}, {"fields": {"object_pk": "1", "user": 2, "content_type": 9, "permission": 29}, "model": "guardian.userobjectpermission", "pk": 1}, {"fields": {"object_pk": "1", "user": 2, "content_type": 9, "permission": 31}, "model": "guardian.userobjectpermission", "pk": 2}, {"fields": {"object_pk": "1", "user": 2, "content_type": 9, "permission": 44}, "model": "guardian.userobjectpermission", "pk": 3}, {"fields": {"object_pk": "1", "user": 2, "content_type": 9, "permission": 45}, "model": "guardian.userobjectpermission", "pk": 4}, {"fields": {"object_pk": "1", "user": 2, "content_type": 9, "permission": 26}, "model": "guardian.userobjectpermission", "pk": 5}, {"fields": {"object_pk": "1", "user": 2, "content_type": 9, "permission": 36}, "model": "guardian.userobjectpermission", "pk": 6}, {"fields": {"object_pk": "1", "user": 2, "content_type": 9, "permission": 32}, "model": "guardian.userobjectpermission", "pk": 7}, {"fields": {"object_pk": "1", "user": 2, "content_type": 9, "permission": 40}, "model": "guardian.userobjectpermission", "pk": 8}, {"fields": {"object_pk": "1", "user": 2, "content_type": 9, "permission": 27}, "model": "guardian.userobjectpermission", "pk": 9}, {"fields": {"object_pk": "1", "user": 2, "content_type": 9, "permission": 37}, "model": "guardian.userobjectpermission", "pk": 10}, {"fields": {"object_pk": "1", "user": 2, "content_type": 9, "permission": 33}, "model": "guardian.userobjectpermission", "pk": 11}, {"fields": {"object_pk": "1", "user": 2, "content_type": 9, "permission": 41}, "model": "guardian.userobjectpermission", "pk": 12}, {"fields": {"object_pk": "1", "user": 2, "content_type": 9, "permission": 38}, "model": "guardian.userobjectpermission", "pk": 13}, {"fields": {"object_pk": "1", "user": 2, "content_type": 9, "permission": 34}, "model": "guardian.userobjectpermission", "pk": 14}, {"fields": {"object_pk": "1", "user": 2, "content_type": 9, "permission": 42}, "model": "guardian.userobjectpermission", "pk": 15}, {"fields": {"object_pk": "1", "user": 2, "content_type": 9, "permission": 28}, "model": "guardian.userobjectpermission", "pk": 16}, {"fields": {"object_pk": "1", "user": 2, "content_type": 9, "permission": 46}, "model": "guardian.userobjectpermission", "pk": 17}, {"fields": {"object_pk": "1", "user": 2, "content_type": 9, "permission": 43}, "model": "guardian.userobjectpermission", "pk": 18}, {"fields": {"object_pk": "1", "user": 2, "content_type": 9, "permission": 39}, "model": "guardian.userobjectpermission", "pk": 19}, {"fields": {"object_pk": "1", "user": 2, "content_type": 9, "permission": 35}, "model": "guardian.userobjectpermission", "pk": 20}, {"fields": {"object_pk": "1", "user": 3, "content_type": 9, "permission": 29}, "model": "guardian.userobjectpermission", "pk": 21}, {"fields": {"object_pk": "1", "user": 3, "content_type": 9, "permission": 26}, "model": "guardian.userobjectpermission", "pk": 22}, {"fields": {"object_pk": "1", "user": 3, "content_type": 9, "permission": 37}, "model": "guardian.userobjectpermission", "pk": 23}, {"fields": {"object_pk": "1", "user": 3, "content_type": 9, "permission": 33}, "model": "guardian.userobjectpermission", "pk": 24}, {"fields": {"object_pk": "1", "user": 3, "content_type": 9, "permission": 41}, "model": "guardian.userobjectpermission", "pk": 25}, {"fields": {"object_pk": "1", "user": 3, "content_type": 9, "permission": 28}, "model": "guardian.userobjectpermission", "pk": 26}, {"fields": {"object_pk": "1", "user": 3, "content_type": 9, "permission": 46}, "model": "guardian.userobjectpermission", "pk": 27}, {"fields": {"object_pk": "1", "user": 3, "content_type": 9, "permission": 43}, "model": "guardian.userobjectpermission", "pk": 28}, {"fields": {"object_pk": "1", "user": 3, "content_type": 9, "permission": 39}, "model": "guardian.userobjectpermission", "pk": 29}, {"fields": {"object_pk": "1", "user": 3, "content_type": 9, "permission": 35}, "model": "guardian.userobjectpermission", "pk": 30}, {"fields": {"object_pk": "1", "user": 4, "content_type": 9, "permission": 29}, "model": "guardian.userobjectpermission", "pk": 31}, {"fields": {"object_pk": "1", "user": 4, "content_type": 9, "permission": 26}, "model": "guardian.userobjectpermission", "pk": 32}, {"fields": {"object_pk": "1", "user": 4, "content_type": 9, "permission": 37}, "model": "guardian.userobjectpermission", "pk": 33}, {"fields": {"object_pk": "1", "user": 4, "content_type": 9, "permission": 33}, "model": "guardian.userobjectpermission", "pk": 34}, {"fields": {"object_pk": "1", "user": 4, "content_type": 9, "permission": 41}, "model": "guardian.userobjectpermission", "pk": 35}, {"fields": {"object_pk": "1", "user": 4, "content_type": 9, "permission": 28}, "model": "guardian.userobjectpermission", "pk": 36}, {"fields": {"object_pk": "1", "user": 4, "content_type": 9, "permission": 46}, "model": "guardian.userobjectpermission", "pk": 37}, {"fields": {"object_pk": "1", "user": 4, "content_type": 9, "permission": 43}, "model": "guardian.userobjectpermission", "pk": 38}, {"fields": {"object_pk": "1", "user": 4, "content_type": 9, "permission": 39}, "model": "guardian.userobjectpermission", "pk": 39}, {"fields": {"object_pk": "1", "user": 4, "content_type": 9, "permission": 35}, "model": "guardian.userobjectpermission", "pk": 40}, {"fields": {"object_pk": "1", "user": 5, "content_type": 9, "permission": 29}, "model": "guardian.userobjectpermission", "pk": 41}, {"fields": {"object_pk": "1", "user": 5, "content_type": 9, "permission": 26}, "model": "guardian.userobjectpermission", "pk": 42}, {"fields": {"object_pk": "1", "user": 5, "content_type": 9, "permission": 37}, "model": "guardian.userobjectpermission", "pk": 43}, {"fields": {"object_pk": "1", "user": 5, "content_type": 9, "permission": 33}, "model": "guardian.userobjectpermission", "pk": 44}, {"fields": {"object_pk": "1", "user": 5, "content_type": 9, "permission": 41}, "model": "guardian.userobjectpermission", "pk": 45}, {"fields": {"object_pk": "1", "user": 5, "content_type": 9, "permission": 28}, "model": "guardian.userobjectpermission", "pk": 46}, {"fields": {"object_pk": "1", "user": 5, "content_type": 9, "permission": 46}, "model": "guardian.userobjectpermission", "pk": 47}, {"fields": {"object_pk": "1", "user": 5, "content_type": 9, "permission": 43}, "model": "guardian.userobjectpermission", "pk": 48}, {"fields": {"object_pk": "1", "user": 5, "content_type": 9, "permission": 39}, "model": "guardian.userobjectpermission", "pk": 49}, {"fields": {"object_pk": "1", "user": 5, "content_type": 9, "permission": 35}, "model": "guardian.userobjectpermission", "pk": 50}, {"fields": {"object_pk": "1", "user": 6, "content_type": 9, "permission": 29}, "model": "guardian.userobjectpermission", "pk": 51}, {"fields": {"object_pk": "1", "user": 6, "content_type": 9, "permission": 26}, "model": "guardian.userobjectpermission", "pk": 52}, {"fields": {"object_pk": "1", "user": 6, "content_type": 9, "permission": 37}, "model": "guardian.userobjectpermission", "pk": 53}, {"fields": {"object_pk": "1", "user": 6, "content_type": 9, "permission": 33}, "model": "guardian.userobjectpermission", "pk": 54}, {"fields": {"object_pk": "1", "user": 6, "content_type": 9, "permission": 41}, "model": "guardian.userobjectpermission", "pk": 55}, {"fields": {"object_pk": "1", "user": 6, "content_type": 9, "permission": 28}, "model": "guardian.userobjectpermission", "pk": 56}, {"fields": {"object_pk": "1", "user": 6, "content_type": 9, "permission": 46}, "model": "guardian.userobjectpermission", "pk": 57}, {"fields": {"object_pk": "1", "user": 6, "content_type": 9, "permission": 43}, "model": "guardian.userobjectpermission", "pk": 58}, {"fields": {"object_pk": "1", "user": 6, "content_type": 9, "permission": 39}, "model": "guardian.userobjectpermission", "pk": 59}, {"fields": {"object_pk": "1", "user": 6, "content_type": 9, "permission": 35}, "model": "guardian.userobjectpermission", "pk": 60}, {"fields": {"object_pk": "2", "user": 6, "content_type": 15, "permission": 50}, "model": "guardian.userobjectpermission", "pk": 121}, {"fields": {"object_pk": "2", "user": 6, "content_type": 15, "permission": 51}, "model": "guardian.userobjectpermission", "pk": 122}, {"fields": {"object_pk": "3", "user": 6, "content_type": 15, "permission": 50}, "model": "guardian.userobjectpermission", "pk": 223}, {"fields": {"object_pk": "3", "user": 6, "content_type": 15, "permission": 51}, "model": "guardian.userobjectpermission", "pk": 224}, {"fields": {"object_pk": "4", "user": 4, "content_type": 15, "permission": 50}, "model": "guardian.userobjectpermission", "pk": 225}, {"fields": {"object_pk": "4", "user": 4, "content_type": 15, "permission": 51}, "model": "guardian.userobjectpermission", "pk": 226}, {"fields": {"object_pk": "1", "user": 3, "content_type": 15, "permission": 50}, "model": "guardian.userobjectpermission", "pk": 227}, {"fields": {"object_pk": "1", "user": 3, "content_type": 15, "permission": 51}, "model": "guardian.userobjectpermission", "pk": 228}, {"fields": {"nombre": "SIGH", "fecha_creacion": "2016-06-15T17:56:51.202Z", "fecha_inicio": "2016-01-01T03:00:00Z", "estado": "EJ", "fecha_fin": "2016-12-01T03:00:00Z"}, "model": "administracion.proyecto", "pk": 1}, {"fields": {"proyecto": 1, "roles": [1], "usuario": 2}, "model": "administracion.miembroequipo", "pk": 1}, {"fields": {"proyecto": 1, "roles": [2], "usuario": 3}, "model": "administracion.miembroequipo", "pk": 2}, {"fields": {"proyecto": 1, "roles": [2], "usuario": 4}, "model": "administracion.miembroequipo", "pk": 3}, {"fields": {"proyecto": 1, "roles": [2], "usuario": 5}, "model": "administracion.miembroequipo", "pk": 4}, {"fields": {"proyecto": 1, "roles": [2], "usuario": 6}, "model": "administracion.miembroequipo", "pk": 5}, {"fields": {"horasDuracionSprint": 900, "fecha_fin": "2016-07-16T04:00:00Z", "fecha_inicio": "2016-06-16T04:00:00Z", "duracion_sprint": 30, "nombre": "sprint1", "horasRegistradaSprint": 25, "proyecto": 1, "estado": "EJ"}, "model": "administracion.sprint", "pk": 2}, {"fields": {"horasDuracionSprint": 0, "fecha_fin": "2016-08-31T04:00:00Z", "fecha_inicio": "2016-08-01T04:00:00Z", "duracion_sprint": 30, "nombre": "sprint 2", "horasRegistradaSprint": 0, "proyecto": 1, "estado": "PE"}, "model": "administracion.sprint", "pk": 3}, {"fields": {"sprint": 2, "horasDeTrabajo": 8, "usuario": 6}, "model": "administracion.miembroequiposprint", "pk": 4}, {"fields": {"sprint": 2, "horasDeTrabajo": 10, "usuario": 3}, "model": "administracion.miembroequiposprint", "pk": 5}, {"fields": {"sprint": 2, "horasDeTrabajo": 12, "usuario": 4}, "model": "administracion.miembroequiposprint", "pk": 6}, {"fields": {"sprint": 3, "horasDeTrabajo": 8, "usuario": 3}, "model": "administracion.miembroequiposprint", "pk": 7}, {"fields": {"sprint": 3, "horasDeTrabajo": 10, "usuario": 5}, "model": "administracion.miembroequiposprint", "pk": 8}, {"fields": {"ultimo_cambio": "2016-06-17T21:35:48.775Z", "tiempo_estimado": 5, "nombre_corto": "us1", "estado_actividad": 2, "actividad": 3, "estado": 1, "nombre_largo": "userstory1", "prioridadFormula": 5.0, "desarrollador": 3, "descripcion": "user story numero 1", "proyecto": 1, "sprint": 2, "tiempo_registrado": 37, "prioridad": 1, "valor_negocio": 6, "valor_tecnico": 8}, "model": "administracion.userstory", "pk": 1}, {"fields": {"ultimo_cambio": "2016-06-17T17:01:37.661Z", "tiempo_estimado": 20, "nombre_corto": "us3", "estado_actividad": 2, "actividad": 1, "estado": 1, "nombre_largo": "userstory3", "prioridadFormula": 1.0, "desarrollador": 6, "descripcion": "user story 3", "proyecto": 1, "sprint": 2, "tiempo_registrado": 5, "prioridad": 1, "valor_negocio": 1, "valor_tecnico": 2}, "model": "administracion.userstory", "pk": 3}, {"fields": {"ultimo_cambio": "2016-06-17T21:24:20.808Z", "tiempo_estimado": 20, "nombre_corto": "us2", "estado_actividad": 0, "actividad": 1, "estado": 1, "nombre_largo": "userstory2", "prioridadFormula": 6.0, "desarrollador": 4, "descripcion": "user story 2", "proyecto": 1, "sprint": 2, "tiempo_registrado": 0, "prioridad": 2, "valor_negocio": 5, "valor_tecnico": 10}, "model": "administracion.userstory", "pk": 4}, {"fields": {"user_story": 1, "estado_actividad": 0, "horas_a_registrar": 25, "actividad": 1, "mensaje": "probando", "fecha": "2016-06-16T22:11:11Z", "estado": 1, "desarrollador": 1, "sprint": 2, "tiempo_registrado": 31}, "model": "administracion.nota", "pk": 6}, {"fields": {"user_story": 1, "estado_actividad": 0, "horas_a_registrar": 0, "actividad": 1, "mensaje": "Cancelado: ", "fecha": "2016-06-17T02:48:45.864Z", "estado": 4, "desarrollador": 1, "sprint": 2, "tiempo_registrado": 31}, "model": "administracion.nota", "pk": 7}, {"fields": {"user_story": 1, "estado_actividad": 0, "horas_a_registrar": 0, "actividad": 1, "mensaje": "Cancelado: ", "fecha": "2016-06-17T02:56:08.329Z", "estado": 4, "desarrollador": 1, "sprint": 2, "tiempo_registrado": 31}, "model": "administracion.nota", "pk": 8}, {"fields": {"user_story": 1, "estado_actividad": 0, "horas_a_registrar": 0, "actividad": 1, "mensaje": "Cancelado: ", "fecha": "2016-06-17T02:58:47.663Z", "estado": 4, "desarrollador": 1, "sprint": 2, "tiempo_registrado": 31}, "model": "administracion.nota", "pk": 9}, {"fields": {"user_story": 1, "estado_actividad": 0, "horas_a_registrar": 0, "actividad": 1, "mensaje": "Cancelado: ", "fecha": "2016-06-17T03:00:44.255Z", "estado": 4, "desarrollador": 1, "sprint": 2, "tiempo_registrado": 31}, "model": "administracion.nota", "pk": 10}, {"fields": {"user_story": 1, "estado_actividad": 0, "horas_a_registrar": 0, "actividad": 1, "mensaje": "Cancelado: ", "fecha": "2016-06-17T03:05:33.903Z", "estado": 4, "desarrollador": 1, "sprint": 2, "tiempo_registrado": 31}, "model": "administracion.nota", "pk": 11}, {"fields": {"user_story": 1, "estado_actividad": 1, "horas_a_registrar": 5, "actividad": 1, "mensaje": "avance de ALGO", "fecha": "2016-06-17T14:37:56Z", "estado": 1, "desarrollador": 1, "sprint": 2, "tiempo_registrado": 36}, "model": "administracion.nota", "pk": 12}, {"fields": {"user_story": 1, "estado_actividad": 2, "horas_a_registrar": 1, "actividad": 1, "mensaje": "cambios", "fecha": "2016-06-17T16:23:26Z", "estado": 1, "desarrollador": 1, "sprint": 2, "tiempo_registrado": 37}, "model": "administracion.nota", "pk": 13}, {"fields": {"user_story": 1, "estado_actividad": 0, "horas_a_registrar": 0, "actividad": 2, "mensaje": "", "fecha": "2016-06-17T16:39:31Z", "estado": 1, "desarrollador": 1, "sprint": 2, "tiempo_registrado": 37}, "model": "administracion.nota", "pk": 14}, {"fields": {"user_story": 3, "estado_actividad": 2, "horas_a_registrar": 0, "actividad": 1, "mensaje": "cambios", "fecha": "2016-06-17T16:53:00Z", "estado": 1, "desarrollador": 1, "sprint": 2, "tiempo_registrado": 5}, "model": "administracion.nota", "pk": 15}, {"fields": {"user_story": 3, "estado_actividad": 1, "horas_a_registrar": 0, "actividad": 1, "mensaje": "j", "fecha": "2016-06-17T16:55:57Z", "estado": 1, "desarrollador": 1, "sprint": 2, "tiempo_registrado": 5}, "model": "administracion.nota", "pk": 16}, {"fields": {"user_story": 3, "estado_actividad": 2, "horas_a_registrar": 0, "actividad": 1, "mensaje": "p", "fecha": "2016-06-17T16:56:34Z", "estado": 1, "desarrollador": 1, "sprint": 2, "tiempo_registrado": 5}, "model": "administracion.nota", "pk": 17}, {"fields": {"user_story": 3, "estado_actividad": 2, "horas_a_registrar": 0, "actividad": 1, "mensaje": "h", "fecha": "2016-06-17T16:57:46Z", "estado": 1, "desarrollador": 1, "sprint": 2, "tiempo_registrado": 5}, "model": "administracion.nota", "pk": 18}, {"fields": {"user_story": 3, "estado_actividad": 2, "horas_a_registrar": 0, "actividad": 1, "mensaje": "j", "fecha": "2016-06-17T16:58:29Z", "estado": 1, "desarrollador": 1, "sprint": 2, "tiempo_registrado": 5}, "model": "administracion.nota", "pk": 19}, {"fields": {"user_story": 3, "estado_actividad": 2, "horas_a_registrar": 0, "actividad": 1, "mensaje": "j", "fecha": "2016-06-17T16:58:29Z", "estado": 1, "desarrollador": 1, "sprint": 2, "tiempo_registrado": 5}, "model": "administracion.nota", "pk": 20}, {"fields": {"user_story": 1, "estado_actividad": 2, "horas_a_registrar": 0, "actividad": 3, "mensaje": "", "fecha": "2016-06-17T21:35:36Z", "estado": 1, "desarrollador": 1, "sprint": 2, "tiempo_registrado": 37}, "model": "administracion.nota", "pk": 21}, {"fields": {"comment": "Version Inicial", "date_created": "2016-06-15T17:59:10.345Z", "manager_slug": "default", "user": 2}, "model": "reversion.revision", "pk": 1}, {"fields": {"comment": "Version Inicial", "date_created": "2016-06-15T17:59:56.058Z", "manager_slug": "default", "user": 2}, "model": "reversion.revision", "pk": 2}, {"fields": {"comment": "Modificacion: descripcion", "date_created": "2016-06-15T19:30:52.147Z", "manager_slug": "default", "user": 1}, "model": "reversion.revision", "pk": 3}, {"fields": {"comment": "Version Inicial", "date_created": "2016-06-15T20:25:02.544Z", "manager_slug": "default", "user": 1}, "model": "reversion.revision", "pk": 4}, {"fields": {"comment": "Modificacion: valor_negocio", "date_created": "2016-06-16T20:48:48.880Z", "manager_slug": "default", "user": 1}, "model": "reversion.revision", "pk": 5}, {"fields": {"comment": "Modificacion: tiempo_estimado", "date_created": "2016-06-17T17:01:37.707Z", "manager_slug": "default", "user": 1}, "model": "reversion.revision", "pk": 6}, {"fields": {"comment": "Version Inicial", "date_created": "2016-06-17T21:23:33.571Z", "manager_slug": "default", "user": 1}, "model": "reversion.revision", "pk": 7}, {"fields": {"action_flag": 2, "action_time": "2016-06-16T18:03:42.824Z", "object_repr": "userstory1", "object_id": "1", "change_message": "Modificado/a sprint.", "user": 1, "content_type": 15}, "model": "admin.logentry", "pk": 1}, {"fields": {"action_flag": 2, "action_time": "2016-06-16T18:35:00.278Z", "object_repr": "userstory3", "object_id": "3", "change_message": "Modificado/a sprint.", "user": 1, "content_type": 15}, "model": "admin.logentry", "pk": 2}, {"fields": {"action_flag": 3, "action_time": "2016-06-16T18:39:22.267Z", "object_repr": "sprint1", "object_id": "1", "change_message": "", "user": 1, "content_type": 11}, "model": "admin.logentry", "pk": 3}, {"fields": {"action_flag": 2, "action_time": "2016-06-16T18:41:55.899Z", "object_repr": "userstory3", "object_id": "3", "change_message": "Modificado/a estado.", "user": 1, "content_type": 15}, "model": "admin.logentry", "pk": 4}, {"fields": {"action_flag": 2, "action_time": "2016-06-16T18:42:04.608Z", "object_repr": "userstory1", "object_id": "1", "change_message": "Modificado/a estado.", "user": 1, "content_type": 15}, "model": "admin.logentry", "pk": 5}, {"fields": {"action_flag": 2, "action_time": "2016-06-17T02:49:44.418Z", "object_repr": "userstory1", "object_id": "1", "change_message": "Modificado/a estado.", "user": 1, "content_type": 15}, "model": "admin.logentry", "pk": 6}, {"fields": {"action_flag": 2, "action_time": "2016-06-17T02:58:31.773Z", "object_repr": "userstory1", "object_id": "1", "change_message": "Modificado/a estado.", "user": 1, "content_type": 15}, "model": "admin.logentry", "pk": 7}, {"fields": {"action_flag": 2, "action_time": "2016-06-17T02:59:02.024Z", "object_repr": "userstory1", "object_id": "1", "change_message": "Modificado/a estado.", "user": 1, "content_type": 15}, "model": "admin.logentry", "pk": 8}, {"fields": {"action_flag": 2, "action_time": "2016-06-17T03:03:18.408Z", "object_repr": "userstory1", "object_id": "1", "change_message": "Modificado/a estado.", "user": 1, "content_type": 15}, "model": "admin.logentry", "pk": 9}, {"fields": {"action_flag": 2, "action_time": "2016-06-17T03:07:37.090Z", "object_repr": "userstory1", "object_id": "1", "change_message": "Modificado/a estado.", "user": 1, "content_type": 15}, "model": "admin.logentry", "pk": 10}, {"fields": {"action_flag": 2, "action_time": "2016-06-17T04:47:16.254Z", "object_repr": "sprint1", "object_id": "2", "change_message": "A\u00f1adido/a \"cristhian\" miembro equipo sprint. A\u00f1adido/a \"fernando\" miembro equipo sprint.", "user": 1, "content_type": 11}, "model": "admin.logentry", "pk": 11}, {"fields": {"action_flag": 2, "action_time": "2016-06-17T16:51:34.126Z", "object_repr": "admin", "object_id": "1", "change_message": "Modificado/a is_active.", "user": 7, "content_type": 4}, "model": "admin.logentry", "pk": 12}]